업체명	x인자 No.	통화	No	2015 Q1	2015 Q2	2015 Q3	2015 Q4	2016 Q1	2016 Q2	2016 Q3	2016 Q4	2017 Q1	2017 Q2	2017 Q3	2017 Q4	2018 Q1	2018 Q2	2018 Q3	2018 Q4	2019 Q1	2019 Q2	2019 Q3	2019 Q4	2020 Q1	2020 Q2	2020 Q3	2020 Q4	2021 Q1	2021 Q2	2021 Q3	2021 Q4	2022 Q1	2022 Q2	2022 Q3	2022 Q4	2023 Q1	2023 Q2	2023 Q3	2023 Q4	2024 Q1	2024 Q2	2024 Q3	2024 Q4	2025 Q1	2025 Q2	2025 Q3	2025 Q4
YOKOGAWA ELECTRIC		JPY	4	-8,090,000,000	-8,090,000,000	-8,090,000,000	-8,090,000,000	-7,160,000,000	-7,160,000,000	-7,160,000,000	-7,160,000,000	-6,480,000,000	-6,480,000,000	-6,480,000,000	-6,480,000,000	-6,560,000,000	-6,560,000,000	-6,560,000,000	-6,560,000,000	-7,890,000,000	-7,890,000,000	-7,890,000,000	-7,890,000,000	-9,920,000,000	-9,920,000,000	-9,920,000,000	-9,920,000,000	-8,690,000,000	-8,690,000,000	-8,690,000,000	-8,690,000,000	-8,280,000,000	-8,280,000,000	-8,280,000,000	-8,280,000,000	-8,640,000,000	-8,640,000,000	-8,640,000,000	-8,640,000,000	-8,720,000,000	-8,720,000,000	-8,720,000,000	-8,720,000,000		 - 	 - 	 - 
YOKOGAWA ELECTRIC		JPY	5	333,510,000,000	333,510,000,000	333,510,000,000	333,510,000,000	310,453,000,000	310,453,000,000	310,453,000,000	310,453,000,000	468,150,000,000	468,150,000,000	468,150,000,000	468,150,000,000	587,367,000,000	587,367,000,000	587,367,000,000	587,367,000,000	611,550,000,000	611,550,000,000	611,550,000,000	611,550,000,000	347,815,000,000	347,815,000,000	347,815,000,000	347,815,000,000	544,008,000,000	544,008,000,000	544,008,000,000	544,008,000,000	560,288,000,000	560,288,000,000	560,288,000,000	560,288,000,000	573,899,000,000	573,899,000,000	573,899,000,000	573,899,000,000	908,969,000,000	908,969,000,000	908,969,000,000	908,969,000,000	752,805,000,000	752,805,000,000	752,805,000,000	752,805,000,000
YASKAWA ELECTRIC		JPY	4	-18,500,000,000	-18,500,000,000	-18,500,000,000	-18,500,000,000	-20,600,000,000	-20,600,000,000	-20,600,000,000	-20,600,000,000	-15,100,000,000	-15,100,000,000	-15,100,000,000	-15,100,000,000	-17,700,000,000	-17,700,000,000	-17,700,000,000	-17,700,000,000	-23,000,000,000	-23,000,000,000	-23,000,000,000	-23,000,000,000	-22,300,000,000	-22,300,000,000	-22,300,000,000	-22,300,000,000	-8,610,000,000	-8,610,000,000	-8,610,000,000	-8,610,000,000	-24,200,000,000	-24,200,000,000	-24,200,000,000	-24,200,000,000	-21,900,000,000	-21,900,000,000	-21,900,000,000	-21,900,000,000	-31,000,000,000	-31,000,000,000	-31,000,000,000	-31,000,000,000		 - 	 - 	 - 
YASKAWA ELECTRIC		JPY	5	420,638,000,000	420,638,000,000	420,638,000,000	420,638,000,000	360,821,000,000	360,821,000,000	360,821,000,000	360,821,000,000	560,836,000,000	560,836,000,000	560,836,000,000	560,836,000,000	1,332,747,000,000	1,332,747,000,000	1,332,747,000,000	1,332,747,000,000	834,972,000,000	834,972,000,000	834,972,000,000	834,972,000,000	884,675,000,000	884,675,000,000	884,675,000,000	884,675,000,000	1,390,642,000,000	1,390,642,000,000	1,390,642,000,000	1,390,642,000,000	1,194,660,000,000	1,194,660,000,000	1,194,660,000,000	1,194,660,000,000	1,401,348,000,000	1,401,348,000,000	1,401,348,000,000	1,401,348,000,000	1,599,409,000,000	1,599,409,000,000	1,599,409,000,000	1,599,409,000,000	967,351,000,000	967,351,000,000	967,351,000,000	967,351,000,000
XIAOMI		CNY	4	-2,520,000,000	-2,520,000,000	-2,520,000,000	-2,520,000,000	-1,830,000,000	-1,830,000,000	-1,830,000,000	-1,830,000,000	-1,220,000,000	-1,220,000,000	-1,220,000,000	-1,220,000,000	-3,790,000,000	-3,790,000,000	-3,790,000,000	-3,790,000,000	-3,410,000,000	-3,410,000,000	-3,410,000,000	-3,410,000,000	-3,030,000,000	-3,030,000,000	-3,030,000,000	-3,030,000,000	-7,170,000,000	-7,170,000,000	-7,170,000,000	-7,170,000,000	-5,800,000,000	-5,800,000,000	-5,800,000,000	-5,800,000,000	-6,270,000,000	-6,270,000,000	-6,270,000,000	-6,270,000,000		 - 	 - 	 - 		 - 	 - 	 - 
XIAOMI		CNY	5		 - 	 - 	 - 		 - 	 - 	 - 		 - 	 - 	 - 	256,182,000,000	256,182,000,000	256,182,000,000	256,182,000,000	231,057,000,000	231,057,000,000	231,057,000,000	231,057,000,000	703,572,000,000	703,572,000,000	703,572,000,000	703,572,000,000	384,440,000,000	384,440,000,000	384,440,000,000	384,440,000,000	241,347,000,000	241,347,000,000	241,347,000,000	241,347,000,000	354,655,000,000	354,655,000,000	354,655,000,000	354,655,000,000	1,151,900,000,000	1,151,900,000,000	1,151,900,000,000	1,151,900,000,000	1,151,900,000,000	1,151,900,000,000	1,151,900,000,000	1,151,900,000,000
폭스바겐		EUR	4	-13,210,000,000	-13,210,000,000	-13,210,000,000	-13,210,000,000	-13,150,000,000	-13,150,000,000	-13,150,000,000	-13,150,000,000	-13,050,000,000	-13,050,000,000	-13,050,000,000	-13,050,000,000	-13,730,000,000	-13,730,000,000	-13,730,000,000	-13,730,000,000	-14,230,000,000	-14,230,000,000	-14,230,000,000	-14,230,000,000	-11,270,000,000	-11,270,000,000	-11,270,000,000	-11,270,000,000	-10,660,000,000	-10,660,000,000	-10,660,000,000	-10,660,000,000	-12,950,000,000	-12,950,000,000	-12,950,000,000	-12,950,000,000	-14,650,000,000	-14,650,000,000	-14,650,000,000	-14,650,000,000	-17,200,000,000	-17,200,000,000	-17,200,000,000	-17,200,000,000		 - 	 - 	 - 
폭스바겐		EUR	5	69,571,000,000	69,571,000,000	69,571,000,000	69,571,000,000	67,851,000,000	67,851,000,000	67,851,000,000	67,851,000,000	84,105,000,000	84,105,000,000	84,105,000,000	84,105,000,000	69,693,000,000	69,693,000,000	69,693,000,000	69,693,000,000	87,466,000,000	87,466,000,000	87,466,000,000	87,466,000,000	81,625,000,000	81,625,000,000	81,625,000,000	81,625,000,000	112,849,000,000	112,849,000,000	112,849,000,000	112,849,000,000	67,576,000,000	67,576,000,000	67,576,000,000	67,576,000,000	58,007,000,000	58,007,000,000	58,007,000,000	58,007,000,000	45,553,000,000	45,553,000,000	45,553,000,000	45,553,000,000	47,562,000,000	47,562,000,000	47,562,000,000	47,562,000,000
UMC		TWD	4	-60,500,000,000	-60,500,000,000	-60,500,000,000	-60,500,000,000	-91,560,000,000	-91,560,000,000	-91,560,000,000	-91,560,000,000	-44,240,000,000	-44,240,000,000	-44,240,000,000	-44,240,000,000	-19,590,000,000	-19,590,000,000	-19,590,000,000	-19,590,000,000	-16,520,000,000	-16,520,000,000	-16,520,000,000	-16,520,000,000	-26,350,000,000	-26,350,000,000	-26,350,000,000	-26,350,000,000	-48,030,000,000	-48,030,000,000	-48,030,000,000	-48,030,000,000	-80,130,000,000	-80,130,000,000	-80,130,000,000	-80,130,000,000	-91,470,000,000	-91,470,000,000	-91,470,000,000	-91,470,000,000	-88,540,000,000	-88,540,000,000	-88,540,000,000	-88,540,000,000		 - 	 - 	 - 
UMC		TWD	5	150,134,000,000	150,134,000,000	150,134,000,000	150,134,000,000	139,171,000,000	139,171,000,000	139,171,000,000	139,171,000,000	173,354,000,000	173,354,000,000	173,354,000,000	173,354,000,000	134,305,000,000	134,305,000,000	134,305,000,000	134,305,000,000	192,601,000,000	192,601,000,000	192,601,000,000	192,601,000,000	580,007,000,000	580,007,000,000	580,007,000,000	580,007,000,000	810,366,000,000	810,366,000,000	810,366,000,000	810,366,000,000	508,943,000,000	508,943,000,000	508,943,000,000	508,943,000,000	659,069,000,000	659,069,000,000	659,069,000,000	659,069,000,000	540,739,000,000	540,739,000,000	540,739,000,000	540,739,000,000	560,836,000,000	560,836,000,000	560,836,000,000	560,836,000,000
TOYOTA		JPY	4	-3,358,000,000,000	-3,358,000,000,000	-3,358,000,000,000	-3,358,000,000,000	-4,059,000,000,000	-4,059,000,000,000	-4,059,000,000,000	-4,059,000,000,000	-3,541,000,000,000	-3,541,000,000,000	-3,541,000,000,000	-3,541,000,000,000	-3,599,000,000,000	-3,599,000,000,000	-3,599,000,000,000	-3,599,000,000,000	-3,739,000,000,000	-3,739,000,000,000	-3,739,000,000,000	-3,739,000,000,000	-3,595,000,000,000	-3,595,000,000,000	-3,595,000,000,000	-3,595,000,000,000	-3,489,000,000,000	-3,489,000,000,000	-3,489,000,000,000	-3,489,000,000,000	#VALUE!	#VALUE!	#VALUE!	#VALUE!	-3,358,000,000,000	-3,358,000,000,000	-3,358,000,000,000	-3,358,000,000,000	-4,714,000,000,000	-4,714,000,000,000	-4,714,000,000,000	-4,714,000,000,000		 - 	 - 	 - 
TOYOTA		JPY	5	26,379,642,000,000	26,379,642,000,000	26,379,642,000,000	26,379,642,000,000	18,079,790,000,000	18,079,790,000,000	18,079,790,000,000	18,079,790,000,000	17,972,692,000,000	17,972,692,000,000	17,972,692,000,000	17,972,692,000,000	19,859,174,000,000	19,859,174,000,000	19,859,174,000,000	19,859,174,000,000	18,374,053,000,000	18,374,053,000,000	18,374,053,000,000	18,374,053,000,000	17,961,555,000,000	17,961,555,000,000	17,961,555,000,000	17,961,555,000,000	24,089,951,000,000	24,089,951,000,000	24,089,951,000,000	24,089,951,000,000	30,631,613,000,000	30,631,613,000,000	30,631,613,000,000	30,631,613,000,000	25,502,542,000,000	25,502,542,000,000	25,502,542,000,000	25,502,542,000,000	51,110,075,000,000	51,110,075,000,000	51,110,075,000,000	51,110,075,000,000	34,171,258,000,000	34,171,258,000,000	34,171,258,000,000	34,171,258,000,000
TEL		JPY	4	-11,900,000,000	-11,900,000,000	-11,900,000,000	-11,900,000,000	-11,290,000,000	-11,290,000,000	-11,290,000,000	-11,290,000,000	-17,560,000,000	-17,560,000,000	-17,560,000,000	-17,560,000,000	-41,750,000,000	-41,750,000,000	-41,750,000,000	-41,750,000,000	-46,520,000,000	-46,520,000,000	-46,520,000,000	-46,520,000,000	-49,370,000,000	-49,370,000,000	-49,370,000,000	-49,370,000,000	-53,810,000,000	-53,810,000,000	-53,810,000,000	-53,810,000,000	-56,150,000,000	-56,150,000,000	-56,150,000,000	-56,150,000,000	-66,900,000,000	-66,900,000,000	-66,900,000,000	-66,900,000,000	-117,000,000,000	-117,000,000,000	-117,000,000,000	-117,000,000,000		 - 	 - 	 - 
TEL		JPY	5	1,502,486,000,000	1,502,486,000,000	1,502,486,000,000	1,502,486,000,000	1,211,987,000,000	1,211,987,000,000	1,211,987,000,000	1,211,987,000,000	1,994,202,000,000	1,994,202,000,000	1,994,202,000,000	1,994,202,000,000	3,284,559,000,000	3,284,559,000,000	3,284,559,000,000	3,284,559,000,000	2,623,146,000,000	2,623,146,000,000	2,623,146,000,000	2,623,146,000,000	3,165,208,000,000	3,165,208,000,000	3,165,208,000,000	3,165,208,000,000	7,276,081,000,000	7,276,081,000,000	7,276,081,000,000	7,276,081,000,000	9,849,367,000,000	9,849,367,000,000	9,849,367,000,000	9,849,367,000,000	7,511,064,000,000	7,511,064,000,000	7,511,064,000,000	7,511,064,000,000	18,317,132,000,000	18,317,132,000,000	18,317,132,000,000	18,317,132,000,000	9,211,693,000,000	9,211,693,000,000	9,211,693,000,000	9,211,693,000,000
Texas Instuments		USD 	4	-551,000,000	-551,000,000	-551,000,000	-551,000,000	-531,000,000	-531,000,000	-531,000,000	-531,000,000	-695,000,000	-695,000,000	-695,000,000	-695,000,000	-1,130,000,000	-1,130,000,000	-1,130,000,000	-1,130,000,000	-847,000,000	-847,000,000	-847,000,000	-847,000,000	-649,000,000	-649,000,000	-649,000,000	-649,000,000	-2,460,000,000	-2,460,000,000	-2,460,000,000	-2,460,000,000	-2,800,000,000	-2,800,000,000	-2,800,000,000	-2,800,000,000	-5,070,000,000	-5,070,000,000	-5,070,000,000	-5,070,000,000	-4,820,000,000	-4,820,000,000	-4,820,000,000	-4,820,000,000		 - 	 - 	 - 
Texas Instuments		USD 	5	55,600,000,000	55,600,000,000	55,600,000,000	55,600,000,000	72,933,000,000	72,933,000,000	72,933,000,000	72,933,000,000	102,932,000,000	102,932,000,000	102,932,000,000	102,932,000,000	90,771,000,000	90,771,000,000	90,771,000,000	90,771,000,000	119,922,000,000	119,922,000,000	119,922,000,000	119,922,000,000	150,662,000,000	150,662,000,000	150,662,000,000	150,662,000,000	174,057,000,000	174,057,000,000	174,057,000,000	174,057,000,000	149,949,000,000	149,949,000,000	149,949,000,000	149,949,000,000	154,812,000,000	154,812,000,000	154,812,000,000	154,812,000,000	171,050,000,000	171,050,000,000	171,050,000,000	171,050,000,000	163,512,000,000	163,512,000,000	163,512,000,000	163,512,000,000
TESLA		USD 	4	-1,630,000,000	-1,630,000,000	-1,630,000,000	-1,630,000,000	-1,440,000,000	-1,440,000,000	-1,440,000,000	-1,440,000,000	-4,080,000,000	-4,080,000,000	-4,080,000,000	-4,080,000,000	-2,320,000,000	-2,320,000,000	-2,320,000,000	-2,320,000,000	-1,430,000,000	-1,430,000,000	-1,430,000,000	-1,430,000,000	-3,230,000,000	-3,230,000,000	-3,230,000,000	-3,230,000,000	-6,510,000,000	-6,510,000,000	-6,510,000,000	-6,510,000,000	-7,160,000,000	-7,160,000,000	-7,160,000,000	-7,160,000,000	-8,900,000,000	-8,900,000,000	-8,900,000,000	-8,900,000,000	-11,340,000,000	-11,340,000,000	-11,340,000,000	-11,340,000,000		 - 	 - 	 - 
TESLA		USD 	5	31,430,000,000	31,430,000,000	31,430,000,000	31,430,000,000	34,423,000,000	34,423,000,000	34,423,000,000	34,423,000,000	52,328,000,000	52,328,000,000	52,328,000,000	52,328,000,000	57,153,000,000	57,153,000,000	57,153,000,000	57,153,000,000	75,402,000,000	75,402,000,000	75,402,000,000	75,402,000,000	668,905,000,000	668,905,000,000	668,905,000,000	668,905,000,000	1,063,564,000,000	1,063,564,000,000	1,063,564,000,000	1,063,564,000,000	388,972,000,000	388,972,000,000	388,972,000,000	388,972,000,000	789,898,000,000	789,898,000,000	789,898,000,000	789,898,000,000	1,296,350,000,000	1,296,350,000,000	1,296,350,000,000	1,296,350,000,000	833,593,000,000	833,593,000,000	833,593,000,000	833,593,000,000
TENCENT		CNY 	4	-5,440,000,000	-5,440,000,000	-5,440,000,000	-5,440,000,000	-8,400,000,000	-8,400,000,000	-8,400,000,000	-8,400,000,000	-12,110,000,000	-12,110,000,000	-12,110,000,000	-12,110,000,000	-19,740,000,000	-19,740,000,000	-19,740,000,000	-19,740,000,000	-22,770,000,000	-22,770,000,000	-22,770,000,000	-22,770,000,000	-34,070,000,000	-34,070,000,000	-34,070,000,000	-34,070,000,000	-29,300,000,000	-29,300,000,000	-29,300,000,000	-29,300,000,000	-22,000,000,000	-22,000,000,000	-22,000,000,000	-22,000,000,000	-21,000,000,000	-21,000,000,000	-21,000,000,000	-21,000,000,000		 - 	 - 	 - 		 - 	 - 	 - 
TENCENT		CNY 	5	1,189,225,000,000	1,189,225,000,000	1,189,225,000,000	1,189,225,000,000	1,593,654,000,000	1,593,654,000,000	1,593,654,000,000	1,593,654,000,000	3,186,499,000,000	3,186,499,000,000	3,186,499,000,000	3,186,499,000,000	2,607,459,000,000	2,607,459,000,000	2,607,459,000,000	2,607,459,000,000	3,188,278,000,000	3,188,278,000,000	3,188,278,000,000	3,188,278,000,000	4,522,629,000,000	4,522,629,000,000	4,522,629,000,000	4,522,629,000,000	3,550,244,000,000	3,550,244,000,000	3,550,244,000,000	3,550,244,000,000	2,779,772,000,000	2,779,772,000,000	2,779,772,000,000	2,779,772,000,000	2,492,563,000,000	2,492,563,000,000	2,492,563,000,000	2,492,563,000,000	4,197,036,000,000	4,197,036,000,000	4,197,036,000,000	4,197,036,000,000	4,197,036,000,000	4,197,036,000,000	4,197,036,000,000	4,197,036,000,000
TSMC		TWD	4	-258,000,000,000	-258,000,000,000	-258,000,000,000	-258,000,000,000	-328,000,000,000	-328,000,000,000	-328,000,000,000	-328,000,000,000	-331,000,000,000	-331,000,000,000	-331,000,000,000	-331,000,000,000	-316,000,000,000	-316,000,000,000	-316,000,000,000	-316,000,000,000	-460,000,000,000	-460,000,000,000	-460,000,000,000	-460,000,000,000	-507,000,000,000	-507,000,000,000	-507,000,000,000	-507,000,000,000	-839,000,000,000	-839,000,000,000	-839,000,000,000	-839,000,000,000	-1,083,000,000,000	-1,083,000,000,000	-1,083,000,000,000	-1,083,000,000,000	-950,000,000,000	-950,000,000,000	-950,000,000,000	-950,000,000,000	-956,000,000,000	-956,000,000,000	-956,000,000,000	-956,000,000,000		 - 	 - 	 - 
TSMC		TWD	5	3,708,044,000,000	3,708,044,000,000	3,708,044,000,000	3,708,044,000,000	4,706,364,000,000	4,706,364,000,000	4,706,364,000,000	4,706,364,000,000	5,951,022,000,000	5,951,022,000,000	5,951,022,000,000	5,951,022,000,000	5,847,301,000,000	5,847,301,000,000	5,847,301,000,000	5,847,301,000,000	8,582,956,000,000	8,582,956,000,000	8,582,956,000,000	8,582,956,000,000	13,743,101,000,000	13,743,101,000,000	13,743,101,000,000	13,743,101,000,000	15,947,184,000,000	15,947,184,000,000	15,947,184,000,000	15,947,184,000,000	11,629,776,000,000	11,629,776,000,000	11,629,776,000,000	11,629,776,000,000	15,377,718,000,000	15,377,718,000,000	15,377,718,000,000	15,377,718,000,000	27,877,688,000,000	27,877,688,000,000	27,877,688,000,000	27,877,688,000,000	23,598,787,000,000	23,598,787,000,000	23,598,787,000,000	23,598,787,000,000
STM		USD 	4	-529,000,000	-529,000,000	-529,000,000	-529,000,000	-611,000,000	-611,000,000	-611,000,000	-611,000,000	-1,300,000,000	-1,300,000,000	-1,300,000,000	-1,300,000,000	-1,260,000,000	-1,260,000,000	-1,260,000,000	-1,260,000,000	-1,180,000,000	-1,180,000,000	-1,180,000,000	-1,180,000,000	-1,280,000,000	-1,280,000,000	-1,280,000,000	-1,280,000,000	-1,830,000,000	-1,830,000,000	-1,830,000,000	-1,830,000,000	-3,530,000,000	-3,530,000,000	-3,530,000,000	-3,530,000,000	-4,440,000,000	-4,440,000,000	-4,440,000,000	-4,440,000,000	-3,090,000,000	-3,090,000,000	-3,090,000,000	-3,090,000,000		 - 	 - 	 - 
STM		USD 	5	5,788,000,000	5,788,000,000	5,788,000,000	5,788,000,000	9,808,000,000	9,808,000,000	9,808,000,000	9,808,000,000	19,298,000,000	19,298,000,000	19,298,000,000	19,298,000,000	12,840,000,000	12,840,000,000	12,840,000,000	12,840,000,000	23,991,000,000	23,991,000,000	23,991,000,000	23,991,000,000	32,845,000,000	32,845,000,000	32,845,000,000	32,845,000,000	44,709,000,000	44,709,000,000	44,709,000,000	44,709,000,000	32,058,000,000	32,058,000,000	32,058,000,000	32,058,000,000	45,147,000,000	45,147,000,000	45,147,000,000	45,147,000,000	22,573,000,000	22,573,000,000	22,573,000,000	22,573,000,000	19,338,000,000	19,338,000,000	19,338,000,000	19,338,000,000
STANLEY BLACK		USD 	4	-311,000,000	-311,000,000	-311,000,000	-311,000,000	-347,000,000	-347,000,000	-347,000,000	-347,000,000	-442,000,000	-442,000,000	-442,000,000	-442,000,000	-492,000,000	-492,000,000	-492,000,000	-492,000,000	-425,000,000	-425,000,000	-425,000,000	-425,000,000	-348,000,000	-348,000,000	-348,000,000	-348,000,000	-519,000,000	-519,000,000	-519,000,000	-519,000,000	-530,000,000	-530,000,000	-530,000,000	-530,000,000	-339,000,000	-339,000,000	-339,000,000	-339,000,000	-354,000,000	-354,000,000	-354,000,000	-354,000,000		 - 	 - 	 - 
STANLEY BLACK		USD 	5	16,019,000,000	16,019,000,000	16,019,000,000	16,019,000,000	17,343,000,000	17,343,000,000	17,343,000,000	17,343,000,000	26,074,000,000	26,074,000,000	26,074,000,000	26,074,000,000	17,950,000,000	17,950,000,000	17,950,000,000	17,950,000,000	25,219,000,000	25,219,000,000	25,219,000,000	25,219,000,000	28,406,000,000	28,406,000,000	28,406,000,000	28,406,000,000	30,407,000,000	30,407,000,000	30,407,000,000	30,407,000,000	10,678,000,000	10,678,000,000	10,678,000,000	10,678,000,000	15,193,000,000	15,193,000,000	15,193,000,000	15,193,000,000	12,423,000,000	12,423,000,000	12,423,000,000	12,423,000,000	11,881,000,000	11,881,000,000	11,881,000,000	11,881,000,000
SONY		JPY	4	-216,000,000,000	-216,000,000,000	-216,000,000,000	-216,000,000,000	-375,000,000,000	-375,000,000,000	-375,000,000,000	-375,000,000,000	-334,000,000,000	-334,000,000,000	-334,000,000,000	-334,000,000,000	-263,000,000,000	-263,000,000,000	-263,000,000,000	-263,000,000,000	-313,000,000,000	-313,000,000,000	-313,000,000,000	-313,000,000,000	-440,000,000,000	-440,000,000,000	-440,000,000,000	-440,000,000,000	-512,000,000,000	-512,000,000,000	-512,000,000,000	-512,000,000,000	-441,000,000,000	-441,000,000,000	-441,000,000,000	-441,000,000,000	-614,000,000,000	-614,000,000,000	-614,000,000,000	-614,000,000,000	-624,000,000,000	-624,000,000,000	-624,000,000,000	-624,000,000,000		 - 	 - 	 - 
SONY		JPY	5	3,727,558,000,000	3,727,558,000,000	3,727,558,000,000	3,727,558,000,000	3,649,260,000,000	3,649,260,000,000	3,649,260,000,000	3,649,260,000,000	4,754,668,000,000	4,754,668,000,000	4,754,668,000,000	4,754,668,000,000	6,511,064,000,000	6,511,064,000,000	6,511,064,000,000	6,511,064,000,000	5,809,200,000,000	5,809,200,000,000	5,809,200,000,000	5,809,200,000,000	7,752,780,000,000	7,752,780,000,000	7,752,780,000,000	7,752,780,000,000	14,359,560,000,000	14,359,560,000,000	14,359,560,000,000	14,359,560,000,000	15,764,488,000,000	15,764,488,000,000	15,764,488,000,000	15,764,488,000,000	14,793,605,000,000	14,793,605,000,000	14,793,605,000,000	14,793,605,000,000	15,927,659,000,000	15,927,659,000,000	15,927,659,000,000	15,927,659,000,000	22,699,467,000,000	22,699,467,000,000	22,699,467,000,000	22,699,467,000,000
SOITEC		EUR	4	-8,410,000	-8,410,000	-8,410,000	-8,410,000	-8,080,000	-8,080,000	-8,080,000	-8,080,000	-5,780,000	-5,780,000	-5,780,000	-5,780,000	-21,000,000	-21,000,000	-21,000,000	-21,000,000	-99,020,000	-99,020,000	-99,020,000	-99,020,000	-53,040,000	-53,040,000	-53,040,000	-53,040,000	-109,000,000	-109,000,000	-109,000,000	-109,000,000	-181,000,000	-181,000,000	-181,000,000	-181,000,000	-186,000,000	-186,000,000	-186,000,000	-186,000,000	-177,000,000	-177,000,000	-177,000,000	-177,000,000		 - 	 - 	 - 
SOITEC		EUR	5	205,700,000	205,700,000	205,700,000	205,700,000	134,100,000	134,100,000	134,100,000	134,100,000	1,203,000,000	1,203,000,000	1,203,000,000	1,203,000,000	1,847,000,000	1,847,000,000	1,847,000,000	1,847,000,000	2,289,000,000	2,289,000,000	2,289,000,000	2,289,000,000	2,161,000,000	2,161,000,000	2,161,000,000	2,161,000,000	5,783,000,000	5,783,000,000	5,783,000,000	5,783,000,000	5,970,000,000	5,970,000,000	5,970,000,000	5,970,000,000	5,252,000,000	5,252,000,000	5,252,000,000	5,252,000,000	3,423,000,000	3,423,000,000	3,423,000,000	3,423,000,000	1,748,000,000	1,748,000,000	1,748,000,000	1,748,000,000
SK하이닉스		KRW	4	-6,775,000,000,000	-6,775,000,000,000	-6,775,000,000,000	-6,775,000,000,000	-5,956,000,000,000	-5,956,000,000,000	-5,956,000,000,000	-5,956,000,000,000	-9,128,000,000,000	-9,128,000,000,000	-9,128,000,000,000	-9,128,000,000,000	-16,036,000,000,000	-16,036,000,000,000	-16,036,000,000,000	-16,036,000,000,000	-13,920,000,000,000	-13,920,000,000,000	-13,920,000,000,000	-13,920,000,000,000	-10,069,000,000,000	-10,069,000,000,000	-10,069,000,000,000	-10,069,000,000,000	-12,487,000,000,000	-12,487,000,000,000	-12,487,000,000,000	-12,487,000,000,000	-19,010,000,000,000	-19,010,000,000,000	-19,010,000,000,000	-19,010,000,000,000	-8,325,000,000,000	-8,325,000,000,000	-8,325,000,000,000	-8,325,000,000,000	-15,946,000,000,000	-15,946,000,000,000	-15,946,000,000,000	-15,946,000,000,000		 - 	 - 	 - 
SK하이닉스		KRW	5	21,721,594,000,000	21,721,594,000,000	21,721,594,000,000	21,721,594,000,000	31,558,280,000,000	31,558,280,000,000	31,558,280,000,000	31,558,280,000,000	54,009,000,000,000	54,009,000,000,000	54,009,000,000,000	54,009,000,000,000	42,713,109,000,000	42,713,109,000,000	42,713,109,000,000	42,713,109,000,000	64,364,569,000,000	64,364,569,000,000	64,364,569,000,000	64,364,569,000,000	81,054,213,000,000	81,054,213,000,000	81,054,213,000,000	81,054,213,000,000	90,078,308,000,000	90,078,308,000,000	90,078,308,000,000	90,078,308,000,000	51,573,828,000,000	51,573,828,000,000	51,573,828,000,000	51,573,828,000,000	97,368,441,000,000	97,368,441,000,000	97,368,441,000,000	97,368,441,000,000	119,823,835,000,000	119,823,835,000,000	119,823,835,000,000	119,823,835,000,000	131,399,686,000,000	131,399,686,000,000	131,399,686,000,000	131,399,686,000,000
SIEMENS ENERGY		EUR	4		 - 	 - 	 - 		 - 	 - 	 - 	-807,000,000	-807,000,000	-807,000,000	-807,000,000	-764,000,000	-764,000,000	-764,000,000	-764,000,000	-818,000,000	-818,000,000	-818,000,000	-818,000,000	-927,000,000	-927,000,000	-927,000,000	-927,000,000	-987,000,000	-987,000,000	-987,000,000	-987,000,000	-1,160,000,000	-1,160,000,000	-1,160,000,000	-1,160,000,000	-1,230,000,000	-1,230,000,000	-1,230,000,000	-1,230,000,000	-1,510,000,000	-1,510,000,000	-1,510,000,000	-1,510,000,000		 - 	 - 	 - 
SIEMENS ENERGY		EUR	5		 - 	 - 	 - 		 - 	 - 	 - 		 - 	 - 	 - 		 - 	 - 	 - 		 - 	 - 	 - 	16,713,000,000	16,713,000,000	16,713,000,000	16,713,000,000	16,487,000,000	16,487,000,000	16,487,000,000	16,487,000,000	8,137,000,000	8,137,000,000	8,137,000,000	8,137,000,000	9,809,000,000	9,809,000,000	9,809,000,000	9,809,000,000	25,860,000,000	25,860,000,000	25,860,000,000	25,860,000,000	42,544,000,000	42,544,000,000	42,544,000,000	42,544,000,000
SIEMENS		EUR	4	-1,900,000,000	-1,900,000,000	-1,900,000,000	-1,900,000,000	-2,140,000,000	-2,140,000,000	-2,140,000,000	-2,140,000,000	-2,410,000,000	-2,410,000,000	-2,410,000,000	-2,410,000,000	-2,600,000,000	-2,600,000,000	-2,600,000,000	-2,600,000,000	-2,610,000,000	-2,610,000,000	-2,610,000,000	-2,610,000,000	-1,550,000,000	-1,550,000,000	-1,550,000,000	-1,550,000,000	-1,730,000,000	-1,730,000,000	-1,730,000,000	-1,730,000,000	-2,080,000,000	-2,080,000,000	-2,080,000,000	-2,080,000,000	-2,220,000,000	-2,220,000,000	-2,220,000,000	-2,220,000,000	-2,090,000,000	-2,090,000,000	-2,090,000,000	-2,090,000,000		 - 	 - 	 - 
SIEMENS		EUR	5	66,728,000,000	66,728,000,000	66,728,000,000	66,728,000,000	84,259,000,000	84,259,000,000	84,259,000,000	84,259,000,000	95,802,000,000	95,802,000,000	95,802,000,000	95,802,000,000	88,742,000,000	88,742,000,000	88,742,000,000	88,742,000,000	77,645,000,000	77,645,000,000	77,645,000,000	77,645,000,000	85,907,000,000	85,907,000,000	85,907,000,000	85,907,000,000	113,299,000,000	113,299,000,000	113,299,000,000	113,299,000,000	79,905,000,000	79,905,000,000	79,905,000,000	79,905,000,000	107,367,000,000	107,367,000,000	107,367,000,000	107,367,000,000	141,274,000,000	141,274,000,000	141,274,000,000	141,274,000,000	165,975,000,000	165,975,000,000	165,975,000,000	165,975,000,000
SMIC		USD 	4	-1,230,000,000	-1,230,000,000	-1,230,000,000	-1,230,000,000	-2,760,000,000	-2,760,000,000	-2,760,000,000	-2,760,000,000	-2,290,000,000	-2,290,000,000	-2,290,000,000	-2,290,000,000	-1,810,000,000	-1,810,000,000	-1,810,000,000	-1,810,000,000	-1,870,000,000	-1,870,000,000	-1,870,000,000	-1,870,000,000	-5,270,000,000	-5,270,000,000	-5,270,000,000	-5,270,000,000	-4,120,000,000	-4,120,000,000	-4,120,000,000	-4,120,000,000	-6,170,000,000	-6,170,000,000	-6,170,000,000	-6,170,000,000	-7,630,000,000	-7,630,000,000	-7,630,000,000	-7,630,000,000	-7,660,000,000	-7,660,000,000	-7,660,000,000	-7,660,000,000		 - 	 - 	 - 
SMIC		USD 	5	4,289,000,000	4,289,000,000	4,289,000,000	4,289,000,000	6,677,000,000	6,677,000,000	6,677,000,000	6,677,000,000	8,507,000,000	8,507,000,000	8,507,000,000	8,507,000,000	4,408,000,000	4,408,000,000	4,408,000,000	4,408,000,000	7,752,000,000	7,752,000,000	7,752,000,000	7,752,000,000	33,580,000,000	33,580,000,000	33,580,000,000	33,580,000,000	30,445,000,000	30,445,000,000	30,445,000,000	30,445,000,000	24,445,000,000	24,445,000,000	24,445,000,000	24,445,000,000	29,942,000,000	29,942,000,000	29,942,000,000	29,942,000,000	50,289,000,000	50,289,000,000	50,289,000,000	50,289,000,000	59,986,000,000	59,986,000,000	59,986,000,000	59,986,000,000
Facebook		USD	4	-2,520,000,000	-2,520,000,000	-2,520,000,000	-2,520,000,000	-4,490,000,000	-4,490,000,000	-4,490,000,000	-4,490,000,000	-6,730,000,000	-6,730,000,000	-6,730,000,000	-6,730,000,000	-13,920,000,000	-13,920,000,000	-13,920,000,000	-13,920,000,000	-15,100,000,000	-15,100,000,000	-15,100,000,000	-15,100,000,000	-15,120,000,000	-15,120,000,000	-15,120,000,000	-15,120,000,000	-18,570,000,000	-18,570,000,000	-18,570,000,000	-18,570,000,000	-31,430,000,000	-31,430,000,000	-31,430,000,000	-31,430,000,000	-27,270,000,000	-27,270,000,000	-27,270,000,000	-27,270,000,000	-37,260,000,000	-37,260,000,000	-37,260,000,000	-37,260,000,000		 - 	 - 	 - 
Facebook		USD	5	295,978,000,000	295,978,000,000	295,978,000,000	295,978,000,000	331,593,000,000	331,593,000,000	331,593,000,000	331,593,000,000	512,759,000,000	512,759,000,000	512,759,000,000	512,759,000,000	376,725,000,000	376,725,000,000	376,725,000,000	376,725,000,000	585,321,000,000	585,321,000,000	585,321,000,000	585,321,000,000	778,040,000,000	778,040,000,000	778,040,000,000	778,040,000,000	935,645,000,000	935,645,000,000	935,645,000,000	935,645,000,000	315,555,000,000	315,555,000,000	315,555,000,000	315,555,000,000	910,122,000,000	910,122,000,000	910,122,000,000	910,122,000,000	1,478,113,000,000	1,478,113,000,000	1,478,113,000,000	1,478,113,000,000	1,460,300,000,000	1,460,300,000,000	1,460,300,000,000	1,460,300,000,000
INTEL		USD	4	19,020,000,000	19,020,000,000	19,020,000,000	19,020,000,000	21,810,000,000	21,810,000,000	21,810,000,000	21,810,000,000	22,110,000,000	22,110,000,000	22,110,000,000	22,110,000,000	29,430,000,000	29,430,000,000	29,430,000,000	29,430,000,000	33,140,000,000	33,140,000,000	33,140,000,000	33,140,000,000	35,380,000,000	35,380,000,000	35,380,000,000	35,380,000,000	29,990,000,000	29,990,000,000	29,990,000,000	29,990,000,000	15,430,000,000	15,430,000,000	15,430,000,000	15,430,000,000	11,470,000,000	11,470,000,000	11,470,000,000	11,470,000,000	8,290,000,000	8,290,000,000	8,290,000,000	8,290,000,000		 - 	 - 	 - 
INTEL		USD	5	164,835,000,000	164,835,000,000	164,835,000,000	164,835,000,000	173,590,000,000	173,590,000,000	173,590,000,000	173,590,000,000	216,310,000,000	216,310,000,000	216,310,000,000	216,310,000,000	213,367,000,000	213,367,000,000	213,367,000,000	213,367,000,000	261,348,000,000	261,348,000,000	261,348,000,000	261,348,000,000	192,893,000,000	192,893,000,000	192,893,000,000	192,893,000,000	210,508,000,000	210,508,000,000	210,508,000,000	210,508,000,000	105,404,000,000	105,404,000,000	105,404,000,000	105,404,000,000	212,444,000,000	212,444,000,000	212,444,000,000	212,444,000,000	87,554,000,000	87,554,000,000	87,554,000,000	87,554,000,000	98,334,000,000	98,334,000,000	98,334,000,000	98,334,000,000
KLA		USD	4	-45,790,000	-45,790,000	-45,790,000	-45,790,000	-31,740,000	-31,740,000	-31,740,000	-31,740,000	-38,590,000	-38,590,000	-38,590,000	-38,590,000	-66,960,000	-66,960,000	-66,960,000	-66,960,000	-130,000,000	-130,000,000	-130,000,000	-130,000,000	-153,000,000	-153,000,000	-153,000,000	-153,000,000	-232,000,000	-232,000,000	-232,000,000	-232,000,000	-307,000,000	-307,000,000	-307,000,000	-307,000,000	-342,000,000	-342,000,000	-342,000,000	-342,000,000	-277,000,000	-277,000,000	-277,000,000	-277,000,000		 - 	 - 	 - 
KLA		USD	5	8,989,000,000	8,989,000,000	8,989,000,000	8,989,000,000	11,406,000,000	11,406,000,000	11,406,000,000	11,406,000,000	14,345,000,000	14,345,000,000	14,345,000,000	14,345,000,000	15,955,000,000	15,955,000,000	15,955,000,000	15,955,000,000	19,104,000,000	19,104,000,000	19,104,000,000	19,104,000,000	30,154,000,000	30,154,000,000	30,154,000,000	30,154,000,000	49,695,000,000	49,695,000,000	49,695,000,000	49,695,000,000	47,618,000,000	47,618,000,000	47,618,000,000	47,618,000,000	66,544,000,000	66,544,000,000	66,544,000,000	66,544,000,000	111,012,000,000	111,012,000,000	111,012,000,000	111,012,000,000	90,336,000,000	90,336,000,000	90,336,000,000	90,336,000,000
LAMresearch		USD	4	-198,000,000	-198,000,000	-198,000,000	-198,000,000	-175,000,000	-175,000,000	-175,000,000	-175,000,000	-157,000,000	-157,000,000	-157,000,000	-157,000,000	-273,000,000	-273,000,000	-273,000,000	-273,000,000	-303,000,000	-303,000,000	-303,000,000	-303,000,000	-203,000,000	-203,000,000	-203,000,000	-203,000,000	-349,000,000	-349,000,000	-349,000,000	-349,000,000	-546,000,000	-546,000,000	-546,000,000	-546,000,000	-502,000,000	-502,000,000	-502,000,000	-502,000,000	-397,000,000	-397,000,000	-397,000,000	-397,000,000		 - 	 - 	 - 
LAMresearch		USD	5	12,880,000,000	12,880,000,000	12,880,000,000	12,880,000,000	13,416,000,000	13,416,000,000	13,416,000,000	13,416,000,000	22,814,000,000	22,814,000,000	22,814,000,000	22,814,000,000	28,355,000,000	28,355,000,000	28,355,000,000	28,355,000,000	28,162,000,000	28,162,000,000	28,162,000,000	28,162,000,000	46,954,000,000	46,954,000,000	46,954,000,000	46,954,000,000	92,802,000,000	92,802,000,000	92,802,000,000	92,802,000,000	59,113,000,000	59,113,000,000	59,113,000,000	59,113,000,000	86,362,000,000	86,362,000,000	86,362,000,000	86,362,000,000	139,220,000,000	139,220,000,000	139,220,000,000	139,220,000,000	93,322,000,000	93,322,000,000	93,322,000,000	93,322,000,000
Lenovo		USD	4	-606,000,000	-606,000,000	-606,000,000	-606,000,000	-604,000,000	-604,000,000	-604,000,000	-604,000,000	-464,000,000	-464,000,000	-464,000,000	-464,000,000	-503,000,000	-503,000,000	-503,000,000	-503,000,000	-538,000,000	-538,000,000	-538,000,000	-538,000,000	-664,000,000	-664,000,000	-664,000,000	-664,000,000	-697,000,000	-697,000,000	-697,000,000	-697,000,000	-998,000,000	-998,000,000	-998,000,000	-998,000,000	-1,120,000,000	-1,120,000,000	-1,120,000,000	-1,120,000,000	-730,000,000	-730,000,000	-730,000,000	-730,000,000		 - 	 - 	 - 
Lenovo		USD	5	16,219,000,000	16,219,000,000	16,219,000,000	16,219,000,000	8,650,000,000	8,650,000,000	8,650,000,000	8,650,000,000	7,319,000,000	7,319,000,000	7,319,000,000	7,319,000,000	6,139,000,000	6,139,000,000	6,139,000,000	6,139,000,000	10,806,000,000	10,806,000,000	10,806,000,000	10,806,000,000	6,448,000,000	6,448,000,000	6,448,000,000	6,448,000,000	17,130,000,000	17,130,000,000	17,130,000,000	17,130,000,000	13,100,000,000	13,100,000,000	13,100,000,000	13,100,000,000	13,132,000,000	13,132,000,000	13,132,000,000	13,132,000,000	14,376,000,000	14,376,000,000	14,376,000,000	14,376,000,000	16,709,000,000	16,709,000,000	16,709,000,000	16,709,000,000
Makita Corp		JPY	4	-12,120,000,000	-12,120,000,000	-12,120,000,000	-12,120,000,000	-11,770,000,000	-11,770,000,000	-11,770,000,000	-11,770,000,000	-13,220,000,000	-13,220,000,000	-13,220,000,000	-13,220,000,000	-14,150,000,000	-14,150,000,000	-14,150,000,000	-14,150,000,000	-23,870,000,000	-23,870,000,000	-23,870,000,000	-23,870,000,000	-44,410,000,000	-44,410,000,000	-44,410,000,000	-44,410,000,000	-49,860,000,000	-49,860,000,000	-49,860,000,000	-49,860,000,000	-59,940,000,000	-59,940,000,000	-59,940,000,000	-59,940,000,000	-39,090,000,000	-39,090,000,000	-39,090,000,000	-39,090,000,000	-17,850,000,000	-17,850,000,000	-17,850,000,000	-17,850,000,000		 - 	 - 	 - 
Makita Corp		JPY	5	846,989,000,000	846,989,000,000	846,989,000,000	846,989,000,000	947,421,000,000	947,421,000,000	947,421,000,000	947,421,000,000	1,058,700,000,000	1,058,700,000,000	1,058,700,000,000	1,058,700,000,000	1,411,635,000,000	1,411,635,000,000	1,411,635,000,000	1,411,635,000,000	1,046,507,000,000	1,046,507,000,000	1,046,507,000,000	1,046,507,000,000	900,080,000,000	900,080,000,000	900,080,000,000	900,080,000,000	1,288,398,000,000	1,288,398,000,000	1,288,398,000,000	1,288,398,000,000	1,068,481,000,000	1,068,481,000,000	1,068,481,000,000	1,068,481,000,000	890,657,000,000	890,657,000,000	890,657,000,000	890,657,000,000	1,148,705,000,000	1,148,705,000,000	1,148,705,000,000	1,148,705,000,000	1,324,999,000,000	1,324,999,000,000	1,324,999,000,000	1,324,999,000,000
MediaTek		TWD	4	-9,370,000,000	-9,370,000,000	-9,370,000,000	-9,370,000,000	-6,670,000,000	-6,670,000,000	-6,670,000,000	-6,670,000,000	-4,050,000,000	-4,050,000,000	-4,050,000,000	-4,050,000,000	-4,650,000,000	-4,650,000,000	-4,650,000,000	-4,650,000,000	-5,620,000,000	-5,620,000,000	-5,620,000,000	-5,620,000,000	-5,000,000,000	-5,000,000,000	-5,000,000,000	-5,000,000,000	-16,990,000,000	-16,990,000,000	-16,990,000,000	-16,990,000,000	-13,620,000,000	-13,620,000,000	-13,620,000,000	-13,620,000,000	-9,320,000,000	-9,320,000,000	-9,320,000,000	-9,320,000,000	-13,790,000,000	-13,790,000,000	-13,790,000,000	-13,790,000,000		 - 	 - 	 - 
MediaTek		TWD	5	390,947,000,000	390,947,000,000	390,947,000,000	390,947,000,000	340,840,000,000	340,840,000,000	340,840,000,000	340,840,000,000	462,658,000,000	462,658,000,000	462,658,000,000	462,658,000,000	363,462,000,000	363,462,000,000	363,462,000,000	363,462,000,000	701,475,000,000	701,475,000,000	701,475,000,000	701,475,000,000	1,180,889,000,000	1,180,889,000,000	1,180,889,000,000	1,180,889,000,000	1,893,347,000,000	1,893,347,000,000	1,893,347,000,000	1,893,347,000,000	994,680,000,000	994,680,000,000	994,680,000,000	994,680,000,000	1,615,731,000,000	1,615,731,000,000	1,615,731,000,000	1,615,731,000,000	2,255,360,000,000	2,255,360,000,000	2,255,360,000,000	2,255,360,000,000	2,215,477,000,000	2,215,477,000,000	2,215,477,000,000	2,215,477,000,000
Micron		USD	4	-4,020,000,000	-4,020,000,000	-4,020,000,000	-4,020,000,000	-5,820,000,000	-5,820,000,000	-5,820,000,000	-5,820,000,000	-4,730,000,000	-4,730,000,000	-4,730,000,000	-4,730,000,000	-8,880,000,000	-8,880,000,000	-8,880,000,000	-8,880,000,000	-9,780,000,000	-9,780,000,000	-9,780,000,000	-9,780,000,000	-8,220,000,000	-8,220,000,000	-8,220,000,000	-8,220,000,000	-10,030,000,000	-10,030,000,000	-10,030,000,000	-10,030,000,000	-12,070,000,000	-12,070,000,000	-12,070,000,000	-12,070,000,000	-7,680,000,000	-7,680,000,000	-7,680,000,000	-7,680,000,000	-8,390,000,000	-8,390,000,000	-8,390,000,000	-8,390,000,000		 - 	 - 	 - 
Micron		USD	5	17,180,000,000	17,180,000,000	17,180,000,000	17,180,000,000	17,559,000,000	17,559,000,000	17,559,000,000	17,559,000,000	34,945,000,000	34,945,000,000	34,945,000,000	34,945,000,000	60,113,000,000	60,113,000,000	60,113,000,000	60,113,000,000	49,307,000,000	49,307,000,000	49,307,000,000	49,307,000,000	50,762,000,000	50,762,000,000	50,762,000,000	50,762,000,000	83,306,000,000	83,306,000,000	83,306,000,000	83,306,000,000	62,890,000,000	62,890,000,000	62,890,000,000	62,890,000,000	73,035,000,000	73,035,000,000	73,035,000,000	73,035,000,000	105,972,000,000	105,972,000,000	105,972,000,000	105,972,000,000	97,106,000,000	97,106,000,000	97,106,000,000	97,106,000,000
Microsoft		USD	4	-5,940,000,000	-5,940,000,000	-5,940,000,000	-5,940,000,000	-8,340,000,000	-8,340,000,000	-8,340,000,000	-8,340,000,000	-8,130,000,000	-8,130,000,000	-8,130,000,000	-8,130,000,000	-11,630,000,000	-11,630,000,000	-11,630,000,000	-11,630,000,000	-13,920,000,000	-13,920,000,000	-13,920,000,000	-13,920,000,000	-15,440,000,000	-15,440,000,000	-15,440,000,000	-15,440,000,000	-20,620,000,000	-20,620,000,000	-20,620,000,000	-20,620,000,000	-23,890,000,000	-23,890,000,000	-23,890,000,000	-23,890,000,000	-28,110,000,000	-28,110,000,000	-28,110,000,000	-28,110,000,000	-44,480,000,000	-44,480,000,000	-44,480,000,000	-44,480,000,000		 - 	 - 	 - 
Microsoft		USD	5	357,155,000,000	357,155,000,000	357,155,000,000	357,155,000,000	402,220,000,000	402,220,000,000	402,220,000,000	402,220,000,000	532,175,000,000	532,175,000,000	532,175,000,000	532,175,000,000	757,640,000,000	757,640,000,000	757,640,000,000	757,640,000,000	1,026,511,000,000	1,026,511,000,000	1,026,511,000,000	1,026,511,000,000	1,543,306,000,000	1,543,306,000,000	1,543,306,000,000	1,543,306,000,000	2,040,304,000,000	2,040,304,000,000	2,040,304,000,000	2,040,304,000,000	1,920,840,000,000	1,920,840,000,000	1,920,840,000,000	1,920,840,000,000	2,532,081,000,000	2,532,081,000,000	2,532,081,000,000	2,532,081,000,000	3,321,869,000,000	3,321,869,000,000	3,321,869,000,000	3,321,869,000,000	2,790,643,000,000	2,790,643,000,000	2,790,643,000,000	2,790,643,000,000
MITSUBISHI ELECTRIC		JPY	4	-308,000,000,000	-308,000,000,000	-308,000,000,000	-308,000,000,000	-249,000,000,000	-249,000,000,000	-249,000,000,000	-249,000,000,000	-160,000,000,000	-160,000,000,000	-160,000,000,000	-160,000,000,000	-277,000,000,000	-277,000,000,000	-277,000,000,000	-277,000,000,000	-316,000,000,000	-316,000,000,000	-316,000,000,000	-316,000,000,000	-326,000,000,000	-326,000,000,000	-326,000,000,000	-326,000,000,000	-389,000,000,000	-389,000,000,000	-389,000,000,000	-389,000,000,000	-394,000,000,000	-394,000,000,000	-394,000,000,000	-394,000,000,000	-455,000,000,000	-455,000,000,000	-455,000,000,000	-455,000,000,000	-521,000,000,000	-521,000,000,000	-521,000,000,000	-521,000,000,000		 - 	 - 	 - 
MITSUBISHI ELECTRIC		JPY	5	3,921,133,000,000	3,921,133,000,000	3,921,133,000,000	3,921,133,000,000	3,019,835,000,000	3,019,835,000,000	3,019,835,000,000	3,019,835,000,000	3,813,275,000,000	3,813,275,000,000	3,813,275,000,000	3,813,275,000,000	4,538,406,000,000	4,538,406,000,000	4,538,406,000,000	4,538,406,000,000	4,877,049,000,000	4,877,049,000,000	4,877,049,000,000	4,877,049,000,000	3,416,596,000,000	3,416,596,000,000	3,416,596,000,000	3,416,596,000,000	4,619,678,000,000	4,619,678,000,000	4,619,678,000,000	4,619,678,000,000	6,792,741,000,000	6,792,741,000,000	6,792,741,000,000	6,792,741,000,000	6,808,344,000,000	6,808,344,000,000	6,808,344,000,000	6,808,344,000,000	14,342,682,000,000	14,342,682,000,000	14,342,682,000,000	14,342,682,000,000	10,444,980,000,000	10,444,980,000,000	10,444,980,000,000	10,444,980,000,000
Nexans S.A. 		EUR	4	-176,000,000	-176,000,000	-176,000,000	-176,000,000	-134,000,000	-134,000,000	-134,000,000	-134,000,000	-161,000,000	-161,000,000	-161,000,000	-161,000,000	-192,000,000	-192,000,000	-192,000,000	-192,000,000	-238,000,000	-238,000,000	-238,000,000	-238,000,000	-225,000,000	-225,000,000	-225,000,000	-225,000,000	-206,000,000	-206,000,000	-206,000,000	-206,000,000	-298,000,000	-298,000,000	-298,000,000	-298,000,000	-377,000,000	-377,000,000	-377,000,000	-377,000,000	-378,000,000	-378,000,000	-378,000,000	-378,000,000		 - 	 - 	 - 
Nexans S.A. 		EUR	5	1,436,000,000	1,436,000,000	1,436,000,000	1,436,000,000	2,129,000,000	2,129,000,000	2,129,000,000	2,129,000,000	2,219,000,000	2,219,000,000	2,219,000,000	2,219,000,000	1,055,000,000	1,055,000,000	1,055,000,000	1,055,000,000	1,890,000,000	1,890,000,000	1,890,000,000	1,890,000,000	2,556,000,000	2,556,000,000	2,556,000,000	2,556,000,000	3,754,000,000	3,754,000,000	3,754,000,000	3,754,000,000	3,648,000,000	3,648,000,000	3,648,000,000	3,648,000,000	3,460,000,000	3,460,000,000	3,460,000,000	3,460,000,000	4,555,000,000	4,555,000,000	4,555,000,000	4,555,000,000	3,939,000,000	3,939,000,000	3,939,000,000	3,939,000,000
NVIDIA		USD	4	-86,000,000	-86,000,000	-86,000,000	-86,000,000	-176,000,000	-176,000,000	-176,000,000	-176,000,000	-593,000,000	-593,000,000	-593,000,000	-593,000,000	-600,000,000	-600,000,000	-600,000,000	-600,000,000	-489,000,000	-489,000,000	-489,000,000	-489,000,000	-1,130,000,000	-1,130,000,000	-1,130,000,000	-1,130,000,000	-976,000,000	-976,000,000	-976,000,000	-976,000,000	-1,800,000,000	-1,800,000,000	-1,800,000,000	-1,800,000,000	-1,070,000,000	-1,070,000,000	-1,070,000,000	-1,070,000,000	-3,240,000,000	-3,240,000,000	-3,240,000,000	-3,240,000,000		 - 	 - 	 - 
NVIDIA		USD	5	15,441,000,000	15,441,000,000	15,441,000,000	15,441,000,000	59,101,000,000	59,101,000,000	59,101,000,000	59,101,000,000	147,458,000,000	147,458,000,000	147,458,000,000	147,458,000,000	97,692,000,000	97,692,000,000	97,692,000,000	97,692,000,000	153,294,000,000	153,294,000,000	153,294,000,000	153,294,000,000	332,657,000,000	332,657,000,000	332,657,000,000	332,657,000,000	569,300,000,000	569,300,000,000	569,300,000,000	569,300,000,000	487,327,000,000	487,327,000,000	487,327,000,000	487,327,000,000	1,507,466,000,000	1,507,466,000,000	1,507,466,000,000	1,507,466,000,000	3,492,764,000,000	3,492,764,000,000	3,492,764,000,000	3,492,764,000,000	2,644,472,000,000	2,644,472,000,000	2,644,472,000,000	2,644,472,000,000
NXP		USD	4	-341,000,000	-341,000,000	-341,000,000	-341,000,000	-389,000,000	-389,000,000	-389,000,000	-389,000,000	-552,000,000	-552,000,000	-552,000,000	-552,000,000	-611,000,000	-611,000,000	-611,000,000	-611,000,000	-526,000,000	-526,000,000	-526,000,000	-526,000,000	-392,000,000	-392,000,000	-392,000,000	-392,000,000	-800,000,000	-800,000,000	-800,000,000	-800,000,000	-1,000,000	-1,000,000	-1,000,000	-1,000,000	-827,000,000	-827,000,000	-827,000,000	-827,000,000	-727,000,000	-727,000,000	-727,000,000	-727,000,000		 - 	 - 	 - 
NXP		USD	5	19,448,000,000	19,448,000,000	19,448,000,000	19,448,000,000	32,851,000,000	32,851,000,000	32,851,000,000	32,851,000,000	39,697,000,000	39,697,000,000	39,697,000,000	39,697,000,000	21,654,000,000	21,654,000,000	21,654,000,000	21,654,000,000	35,573,000,000	35,573,000,000	35,573,000,000	35,573,000,000	44,483,000,000	44,483,000,000	44,483,000,000	44,483,000,000	60,574,000,000	60,574,000,000	60,574,000,000	60,574,000,000	40,951,000,000	40,951,000,000	40,951,000,000	40,951,000,000	59,203,000,000	59,203,000,000	59,203,000,000	59,203,000,000	52,826,000,000	52,826,000,000	52,826,000,000	52,826,000,000	48,203,000,000	48,203,000,000	48,203,000,000	48,203,000,000
OMRON CORPORATION		JPY	4	-37,120,000,000	-37,120,000,000	-37,120,000,000	-37,120,000,000	-37,900,000,000	-37,900,000,000	-37,900,000,000	-37,900,000,000	-25,820,000,000	-25,820,000,000	-25,820,000,000	-25,820,000,000	-38,540,000,000	-38,540,000,000	-38,540,000,000	-38,540,000,000	-39,040,000,000	-39,040,000,000	-39,040,000,000	-39,040,000,000	-37,630,000,000	-37,630,000,000	-37,630,000,000	-37,630,000,000	-26,660,000,000	-26,660,000,000	-26,660,000,000	-26,660,000,000	-33,360,000,000	-33,360,000,000	-33,360,000,000	-33,360,000,000	-45,020,000,000	-45,020,000,000	-45,020,000,000	-45,020,000,000	-45,380,000,000	-45,380,000,000	-45,380,000,000	-45,380,000,000		 - 	 - 	 - 
OMRON CORPORATION		JPY	5	1,177,522,000,000	1,177,522,000,000	1,177,522,000,000	1,177,522,000,000	704,739,000,000	704,739,000,000	704,739,000,000	704,739,000,000	1,044,447,000,000	1,044,447,000,000	1,044,447,000,000	1,044,447,000,000	1,328,794,000,000	1,328,794,000,000	1,328,794,000,000	1,328,794,000,000	1,063,777,000,000	1,063,777,000,000	1,063,777,000,000	1,063,777,000,000	1,152,667,000,000	1,152,667,000,000	1,152,667,000,000	1,152,667,000,000	1,742,441,000,000	1,742,441,000,000	1,742,441,000,000	1,742,441,000,000	1,636,163,000,000	1,636,163,000,000	1,636,163,000,000	1,636,163,000,000	1,516,970,000,000	1,516,970,000,000	1,516,970,000,000	1,516,970,000,000	1,065,526,000,000	1,065,526,000,000	1,065,526,000,000	1,065,526,000,000	829,325,000,000	829,325,000,000	829,325,000,000	829,325,000,000
ABB LTD		USD	4	876,000,000	876,000,000	876,000,000	876,000,000	831,000,000	831,000,000	831,000,000	831,000,000	949,000,000	949,000,000	949,000,000	949,000,000	772,000,000	772,000,000	772,000,000	772,000,000	762,000,000	762,000,000	762,000,000	762,000,000	694,000,000	694,000,000	694,000,000	694,000,000	820,000,000	820,000,000	820,000,000	820,000,000	762,000,000	762,000,000	762,000,000	762,000,000	770,000,000	770,000,000	770,000,000	770,000,000	845,000,000	845,000,000	845,000,000	845,000,000	913,000,000	913,000,000	913,000,000	913,000,000
ABB LTD		USD	5	40,215,000,000	40,215,000,000	40,215,000,000	40,215,000,000	45,167,000,000	45,167,000,000	45,167,000,000	45,167,000,000	57,207,000,000	57,207,000,000	57,207,000,000	57,207,000,000	40,509,000,000	40,509,000,000	40,509,000,000	40,509,000,000	51,482,000,000	51,482,000,000	51,482,000,000	51,482,000,000	57,573,000,000	57,573,000,000	57,573,000,000	57,573,000,000	76,054,000,000	76,054,000,000	76,054,000,000	76,054,000,000	56,637,000,000	56,637,000,000	56,637,000,000	56,637,000,000	81,637,000,000	81,637,000,000	81,637,000,000	81,637,000,000	99,453,000,000	99,453,000,000	99,453,000,000	99,453,000,000	93,801,000,000	93,801,000,000	93,801,000,000	93,801,000,000
AMD		USD	4	96,000,000	96,000,000	96,000,000	96,000,000	77,000,000	77,000,000	77,000,000	77,000,000	113,000,000	113,000,000	113,000,000	113,000,000	163,000,000	163,000,000	163,000,000	163,000,000	217,000,000	217,000,000	217,000,000	217,000,000	294,000,000	294,000,000	294,000,000	294,000,000	301,000,000	301,000,000	301,000,000	301,000,000	450,000,000	450,000,000	450,000,000	450,000,000	546,000,000	546,000,000	546,000,000	546,000,000	636,000,000	636,000,000	636,000,000	636,000,000	748,600,000	748,600,000	748,600,000	748,600,000
AMD		USD	5	2,371,000,000	2,371,000,000	2,371,000,000	2,371,000,000	10,791,000,000	10,791,000,000	10,791,000,000	10,791,000,000	10,179,000,000	10,179,000,000	10,179,000,000	10,179,000,000	17,809,000,000	17,809,000,000	17,809,000,000	17,809,000,000	52,581,000,000	52,581,000,000	52,581,000,000	52,581,000,000	110,293,000,000	110,293,000,000	110,293,000,000	110,293,000,000	184,946,000,000	184,946,000,000	184,946,000,000	184,946,000,000	100,885,000,000	100,885,000,000	100,885,000,000	100,885,000,000	240,322,000,000	240,322,000,000	240,322,000,000	240,322,000,000	203,159,000,000	203,159,000,000	203,159,000,000	203,159,000,000	166,488,000,000	166,488,000,000	166,488,000,000	166,488,000,000
Alibaba		CNY	4	4,776,000,000	4,776,000,000	4,776,000,000	4,776,000,000	5,438,000,000	5,438,000,000	5,438,000,000	5,438,000,000	12,220,000,000	12,220,000,000	12,220,000,000	12,220,000,000	25,809,000,000	25,809,000,000	25,809,000,000	25,809,000,000	46,497,000,000	46,497,000,000	46,497,000,000	46,497,000,000	37,498,000,000	37,498,000,000	37,498,000,000	37,498,000,000	39,523,000,000	39,523,000,000	39,523,000,000	39,523,000,000	42,028,000,000	42,028,000,000	42,028,000,000	42,028,000,000	30,373,000,000	30,373,000,000	30,373,000,000	30,373,000,000	27,579,000,000	27,579,000,000	27,579,000,000	27,579,000,000	83,658,000,000	83,658,000,000	83,658,000,000	83,658,000,000
Alibaba		CNY	5	1,283,569,000,000	1,283,569,000,000	1,283,569,000,000	1,283,569,000,000	1,281,547,000,000	1,281,547,000,000	1,281,547,000,000	1,281,547,000,000	1,856,105,000,000	1,856,105,000,000	1,856,105,000,000	1,856,105,000,000	2,965,857,000,000	2,965,857,000,000	2,965,857,000,000	2,965,857,000,000	3,174,206,000,000	3,174,206,000,000	3,174,206,000,000	3,174,206,000,000	3,696,352,000,000	3,696,352,000,000	3,696,352,000,000	3,696,352,000,000	4,027,830,000,000	4,027,830,000,000	4,027,830,000,000	4,027,830,000,000	1,853,787,000,000	1,853,787,000,000	1,853,787,000,000	1,853,787,000,000	1,800,888,000,000	1,800,888,000,000	1,800,888,000,000	1,800,888,000,000	1,310,939,000,000	1,310,939,000,000	1,310,939,000,000	1,310,939,000,000	2,167,975,000,000	2,167,975,000,000	2,167,975,000,000	2,167,975,000,000
Allis Electric		TWD	4		 - 	 - 	 - 		 - 	 - 	 - 		 - 	 - 	 - 		 - 	 - 	 - 		 - 	 - 	 - 		 - 	 - 	 - 		 - 	 - 	 - 		 - 	 - 	 - 	228,000,000	228,000,000	228,000,000	228,000,000		 - 	 - 	 - 	195,000,000	195,000,000	195,000,000	195,000,000
Allis Electric		TWD	5		 - 	 - 	 - 	1,910,000,000	1,910,000,000	1,910,000,000	1,910,000,000		 - 	 - 	 - 		 - 	 - 	 - 		 - 	 - 	 - 		 - 	 - 	 - 		 - 	 - 	 - 	6,954,000,000	6,954,000,000	6,954,000,000	6,954,000,000	18,327,000,000	18,327,000,000	18,327,000,000	18,327,000,000	26,668,000,000	26,668,000,000	26,668,000,000	26,668,000,000	26,672,000,000	26,672,000,000	26,672,000,000	26,672,000,000
Google		USD	4	9,915,000,000	9,915,000,000	9,915,000,000	9,915,000,000	10,212,000,000	10,212,000,000	10,212,000,000	10,212,000,000	13,184,000,000	13,184,000,000	13,184,000,000	13,184,000,000	25,139,000,000	25,139,000,000	25,139,000,000	25,139,000,000	23,548,000,000	23,548,000,000	23,548,000,000	23,548,000,000	22,281,000,000	22,281,000,000	22,281,000,000	22,281,000,000	24,640,000,000	24,640,000,000	24,640,000,000	24,640,000,000	31,485,000,000	31,485,000,000	31,485,000,000	31,485,000,000	32,251,000,000	32,251,000,000	32,251,000,000	32,251,000,000	52,535,000,000	52,535,000,000	52,535,000,000	52,535,000,000	72,635,000,000	72,635,000,000	72,635,000,000	72,635,000,000
Google		USD	5	528,448,000,000	528,448,000,000	528,448,000,000	528,448,000,000	539,070,000,000	539,070,000,000	539,070,000,000	539,070,000,000	729,458,000,000	729,458,000,000	729,458,000,000	729,458,000,000	723,465,000,000	723,465,000,000	723,465,000,000	723,465,000,000	922,946,000,000	922,946,000,000	922,946,000,000	922,946,000,000	1,185,281,000,000	1,185,281,000,000	1,185,281,000,000	1,185,281,000,000	1,921,855,000,000	1,921,855,000,000	1,921,855,000,000	1,921,855,000,000	1,145,004,000,000	1,145,004,000,000	1,145,004,000,000	1,145,004,000,000	1,755,459,000,000	1,755,459,000,000	1,755,459,000,000	1,755,459,000,000	2,323,530,000,000	2,323,530,000,000	2,323,530,000,000	2,323,530,000,000	1,893,802,000,000	1,893,802,000,000	1,893,802,000,000	1,893,802,000,000
Amazon		USD	4	4,589,000,000	4,589,000,000	4,589,000,000	4,589,000,000	6,737,000,000	6,737,000,000	6,737,000,000	6,737,000,000	11,955,000,000	11,955,000,000	11,955,000,000	11,955,000,000	13,427,000,000	13,427,000,000	13,427,000,000	13,427,000,000	16,861,000,000	16,861,000,000	16,861,000,000	16,861,000,000	35,044,000,000	35,044,000,000	35,044,000,000	35,044,000,000	55,396,000,000	55,396,000,000	55,396,000,000	55,396,000,000	58,321,000,000	58,321,000,000	58,321,000,000	58,321,000,000	48,133,000,000	48,133,000,000	48,133,000,000	48,133,000,000	77,658,000,000	77,658,000,000	77,658,000,000	77,658,000,000	100,050,000,000	100,050,000,000	100,050,000,000	100,050,000,000
Amazon		USD	5	316,832,000,000	316,832,000,000	316,832,000,000	316,832,000,000	356,316,000,000	356,316,000,000	356,316,000,000	356,316,000,000	563,535,000,000	563,535,000,000	563,535,000,000	563,535,000,000	734,416,000,000	734,416,000,000	734,416,000,000	734,416,000,000	916,154,000,000	916,154,000,000	916,154,000,000	916,154,000,000	1,634,168,000,000	1,634,168,000,000	1,634,168,000,000	1,634,168,000,000	1,691,003,000,000	1,691,003,000,000	1,691,003,000,000	1,691,003,000,000	856,939,000,000	856,939,000,000	856,939,000,000	856,939,000,000	1,570,153,000,000	1,570,153,000,000	1,570,153,000,000	1,570,153,000,000	2,306,888,000,000	2,306,888,000,000	2,306,888,000,000	2,306,888,000,000	2,016,324,000,000	2,016,324,000,000	2,016,324,000,000	2,016,324,000,000
ADI		USD	4	154,000,000	154,000,000	154,000,000	154,000,000	127,400,000	127,400,000	127,400,000	127,400,000	204,100,000	204,100,000	204,100,000	204,100,000	254,900,000	254,900,000	254,900,000	254,900,000	275,400,000	275,400,000	275,400,000	275,400,000	166,000,000	166,000,000	166,000,000	166,000,000	343,700,000	343,700,000	343,700,000	343,700,000	699,300,000	699,300,000	699,300,000	699,300,000	1,261,000,000	1,261,000,000	1,261,000,000	1,261,000,000	730,500,000	730,500,000	730,500,000	730,500,000	556,800,000	556,800,000	556,800,000	556,800,000
ADI		USD	5	18,927,000,000	18,927,000,000	18,927,000,000	18,927,000,000	19,574,000,000	19,574,000,000	19,574,000,000	19,574,000,000	33,381,000,000	33,381,000,000	33,381,000,000	33,381,000,000	32,402,000,000	32,402,000,000	32,402,000,000	32,402,000,000	40,402,000,000	40,402,000,000	40,402,000,000	40,402,000,000	43,785,000,000	43,785,000,000	43,785,000,000	43,785,000,000	95,627,000,000	95,627,000,000	95,627,000,000	95,627,000,000	72,646,000,000	72,646,000,000	72,646,000,000	72,646,000,000	81,893,000,000	81,893,000,000	81,893,000,000	81,893,000,000	111,949,000,000	111,949,000,000	111,949,000,000	111,949,000,000	100,024,000,000	100,024,000,000	100,024,000,000	100,024,000,000
Apple		USD	4	11,247,000,000	11,247,000,000	11,247,000,000	11,247,000,000	12,734,000,000	12,734,000,000	12,734,000,000	12,734,000,000	12,451,000,000	12,451,000,000	12,451,000,000	12,451,000,000	13,313,000,000	13,313,000,000	13,313,000,000	13,313,000,000	10,495,000,000	10,495,000,000	10,495,000,000	10,495,000,000	7,309,000,000	7,309,000,000	7,309,000,000	7,309,000,000	11,085,000,000	11,085,000,000	11,085,000,000	11,085,000,000	10,708,000,000	10,708,000,000	10,708,000,000	10,708,000,000	10,959,000,000	10,959,000,000	10,959,000,000	10,959,000,000	9,447,000,000	9,447,000,000	9,447,000,000	9,447,000,000	10,679,000,000	10,679,000,000	10,679,000,000	10,679,000,000
Apple		USD	5	641,214,000,000	641,214,000,000	641,214,000,000	641,214,000,000	614,013,000,000	614,013,000,000	614,013,000,000	614,013,000,000	791,726,000,000	791,726,000,000	791,726,000,000	791,726,000,000	1,090,308,000,000	1,090,308,000,000	1,090,308,000,000	1,090,308,000,000	988,887,000,000	988,887,000,000	988,887,000,000	988,887,000,000	1,966,108,000,000	1,966,108,000,000	1,966,108,000,000	1,966,108,000,000	2,345,796,000,000	2,345,796,000,000	2,345,796,000,000	2,345,796,000,000	2,408,041,000,000	2,408,041,000,000	2,408,041,000,000	2,408,041,000,000	2,668,607,000,000	2,668,607,000,000	2,668,607,000,000	2,668,607,000,000	3,463,350,000,000	3,463,350,000,000	3,463,350,000,000	3,463,350,000,000	3,336,853,000,000	3,336,853,000,000	3,336,853,000,000	3,336,853,000,000
Applied Materials		USD	4	215,000,000	215,000,000	215,000,000	215,000,000	253,000,000	253,000,000	253,000,000	253,000,000	345,000,000	345,000,000	345,000,000	345,000,000	622,000,000	622,000,000	622,000,000	622,000,000	441,000,000	441,000,000	441,000,000	441,000,000	422,000,000	422,000,000	422,000,000	422,000,000	668,000,000	668,000,000	668,000,000	668,000,000	787,000,000	787,000,000	787,000,000	787,000,000	1,106,000,000	1,106,000,000	1,106,000,000	1,106,000,000	1,190,000,000	1,190,000,000	1,190,000,000	1,190,000,000	1,365,000,000	1,365,000,000	1,365,000,000	1,365,000,000
Applied Materials		USD	5	19,534,000,000	19,534,000,000	19,534,000,000	19,534,000,000	31,194,000,000	31,194,000,000	31,194,000,000	31,194,000,000	60,459,000,000	60,459,000,000	60,459,000,000	60,459,000,000	31,810,000,000	31,810,000,000	31,810,000,000	31,810,000,000	51,472,000,000	51,472,000,000	51,472,000,000	51,472,000,000	53,728,000,000	53,728,000,000	53,728,000,000	53,728,000,000	119,331,000,000	119,331,000,000	119,331,000,000	119,331,000,000	74,451,000,000	74,451,000,000	74,451,000,000	74,451,000,000	109,837,000,000	109,837,000,000	109,837,000,000	109,837,000,000	153,768,000,000	153,768,000,000	153,768,000,000	153,768,000,000	117,901,000,000	117,901,000,000	117,901,000,000	117,901,000,000
ASML		EUR	4	371,800,000	371,800,000	371,800,000	371,800,000	316,300,000	316,300,000	316,300,000	316,300,000	338,900,000	338,900,000	338,900,000	338,900,000	574,000,000	574,000,000	574,000,000	574,000,000	766,600,000	766,600,000	766,600,000	766,600,000	962,000,000	962,000,000	962,000,000	962,000,000	900,700,000	900,700,000	900,700,000	900,700,000	1,282,000,000	1,282,000,000	1,282,000,000	1,282,000,000	2,156,000,000	2,156,000,000	2,156,000,000	2,156,000,000	2,067,000,000	2,067,000,000	2,067,000,000	2,067,000,000	1,942,000,000	1,942,000,000	1,942,000,000	1,942,000,000
ASML		EUR	5	35,631,000,000	35,631,000,000	35,631,000,000	35,631,000,000	46,016,000,000	46,016,000,000	46,016,000,000	46,016,000,000	62,397,000,000	62,397,000,000	62,397,000,000	62,397,000,000	58,285,000,000	58,285,000,000	58,285,000,000	58,285,000,000	110,671,000,000	110,671,000,000	110,671,000,000	110,671,000,000	163,263,000,000	163,263,000,000	163,263,000,000	163,263,000,000	287,256,000,000	287,256,000,000	287,256,000,000	287,256,000,000	200,985,000,000	200,985,000,000	200,985,000,000	200,985,000,000	268,992,000,000	268,992,000,000	268,992,000,000	268,992,000,000	266,748,000,000	266,748,000,000	266,748,000,000	266,748,000,000	238,330,000,000	238,330,000,000	238,330,000,000	238,330,000,000
Asus		TWD	4	838,900,000	838,900,000	838,900,000	838,900,000	5,568,000,000	5,568,000,000	5,568,000,000	5,568,000,000	2,100,000,000	2,100,000,000	2,100,000,000	2,100,000,000	3,289,000,000	3,289,000,000	3,289,000,000	3,289,000,000	7,528,000,000	7,528,000,000	7,528,000,000	7,528,000,000	2,566,000,000	2,566,000,000	2,566,000,000	2,566,000,000	2,178,000,000	2,178,000,000	2,178,000,000	2,178,000,000	1,524,000,000	1,524,000,000	1,524,000,000	1,524,000,000	1,688,000,000	1,688,000,000	1,688,000,000	1,688,000,000	2,068,000,000	2,068,000,000	2,068,000,000	2,068,000,000	1,759,000,000	1,759,000,000	1,759,000,000	1,759,000,000
Asus		TWD	5	202,031,000,000	202,031,000,000	202,031,000,000	202,031,000,000	196,831,000,000	196,831,000,000	196,831,000,000	196,831,000,000	207,601,000,000	207,601,000,000	207,601,000,000	207,601,000,000	149,666,000,000	149,666,000,000	149,666,000,000	149,666,000,000	171,949,000,000	171,949,000,000	171,949,000,000	171,949,000,000	186,061,000,000	186,061,000,000	186,061,000,000	186,061,000,000	279,278,000,000	279,278,000,000	279,278,000,000	279,278,000,000	199,431,000,000	199,431,000,000	199,431,000,000	199,431,000,000	363,581,000,000	363,581,000,000	363,581,000,000	363,581,000,000	457,540,000,000	457,540,000,000	457,540,000,000	457,540,000,000	452,341,000,000	452,341,000,000	452,341,000,000	452,341,000,000
Baidu		CNY	4	5,250,000,000	5,250,000,000	5,250,000,000	5,250,000,000	4,189,000,000	4,189,000,000	4,189,000,000	4,189,000,000	4,779,000,000	4,779,000,000	4,779,000,000	4,779,000,000	8,772,000,000	8,772,000,000	8,772,000,000	8,772,000,000	6,428,000,000	6,428,000,000	6,428,000,000	6,428,000,000	5,084,000,000	5,084,000,000	5,084,000,000	5,084,000,000	10,896,000,000	10,896,000,000	10,896,000,000	10,896,000,000	8,286,000,000	8,286,000,000	8,286,000,000	8,286,000,000	11,190,000,000	11,190,000,000	11,190,000,000	11,190,000,000	8,134,000,000	8,134,000,000	8,134,000,000	8,134,000,000	10,724,000,000	10,724,000,000	10,724,000,000	10,724,000,000
Baidu		CNY	5	424,203,000,000	424,203,000,000	424,203,000,000	424,203,000,000	396,021,000,000	396,021,000,000	396,021,000,000	396,021,000,000	529,148,000,000	529,148,000,000	529,148,000,000	529,148,000,000	380,211,000,000	380,211,000,000	380,211,000,000	380,211,000,000	304,957,000,000	304,957,000,000	304,957,000,000	304,957,000,000	481,512,000,000	481,512,000,000	481,512,000,000	481,512,000,000	328,986,000,000	328,986,000,000	328,986,000,000	328,986,000,000	272,598,000,000	272,598,000,000	272,598,000,000	272,598,000,000	295,199,000,000	295,199,000,000	295,199,000,000	295,199,000,000	215,787,000,000	215,787,000,000	215,787,000,000	215,787,000,000	229,576,000,000	229,576,000,000	229,576,000,000	229,576,000,000
BMW		EUR	4	5,890,000,000	5,890,000,000	5,890,000,000	5,890,000,000	5,823,000,000	5,823,000,000	5,823,000,000	5,823,000,000	7,112,000,000	7,112,000,000	7,112,000,000	7,112,000,000	7,777,000,000	7,777,000,000	7,777,000,000	7,777,000,000	6,902,000,000	6,902,000,000	6,902,000,000	6,902,000,000	6,150,000,000	6,150,000,000	6,150,000,000	6,150,000,000	7,518,000,000	7,518,000,000	7,518,000,000	7,518,000,000	9,050,000,000	9,050,000,000	9,050,000,000	9,050,000,000	10,881,000,000	10,881,000,000	10,881,000,000	10,881,000,000	12,205,000,000	12,205,000,000	12,205,000,000	12,205,000,000	10,245,000,000	10,245,000,000	10,245,000,000	10,245,000,000
BMW		EUR	5	62,992,000,000	62,992,000,000	62,992,000,000	62,992,000,000	57,412,000,000	57,412,000,000	57,412,000,000	57,412,000,000	56,385,000,000	56,385,000,000	56,385,000,000	56,385,000,000	46,014,000,000	46,014,000,000	46,014,000,000	46,014,000,000	47,120,000,000	47,120,000,000	47,120,000,000	47,120,000,000	46,621,000,000	46,621,000,000	46,621,000,000	46,621,000,000	57,499,000,000	57,499,000,000	57,499,000,000	57,499,000,000	53,582,000,000	53,582,000,000	53,582,000,000	53,582,000,000	63,947,000,000	63,947,000,000	63,947,000,000	63,947,000,000	49,199,000,000	49,199,000,000	49,199,000,000	49,199,000,000	45,581,000,000	45,581,000,000	45,581,000,000	45,581,000,000
Broadcom		USD	4	593,000,000	593,000,000	593,000,000	593,000,000	723,000,000	723,000,000	723,000,000	723,000,000	1,069,000,000	1,069,000,000	1,069,000,000	1,069,000,000	635,000,000	635,000,000	635,000,000	635,000,000	432,000,000	432,000,000	432,000,000	432,000,000	463,000,000	463,000,000	463,000,000	463,000,000	443,000,000	443,000,000	443,000,000	443,000,000	424,000,000	424,000,000	424,000,000	424,000,000	452,000,000	452,000,000	452,000,000	452,000,000	548,000,000	548,000,000	548,000,000	548,000,000	408,100,000	408,100,000	408,100,000	408,100,000
Broadcom		USD	5	33,633,000,000	33,633,000,000	33,633,000,000	33,633,000,000	68,734,000,000	68,734,000,000	68,734,000,000	68,734,000,000	111,635,000,000	111,635,000,000	111,635,000,000	111,635,000,000	91,277,000,000	91,277,000,000	91,277,000,000	91,277,000,000	117,649,000,000	117,649,000,000	117,649,000,000	117,649,000,000	143,096,000,000	143,096,000,000	143,096,000,000	143,096,000,000	223,248,000,000	223,248,000,000	223,248,000,000	223,248,000,000	179,872,000,000	179,872,000,000	179,872,000,000	179,872,000,000	364,313,000,000	364,313,000,000	364,313,000,000	364,313,000,000	788,954,000,000	788,954,000,000	788,954,000,000	788,954,000,000	787,247,000,000	787,247,000,000	787,247,000,000	787,247,000,000
BYD		CNY	4	10,482,000,000	10,482,000,000	10,482,000,000	10,482,000,000	6,217,000,000	6,217,000,000	6,217,000,000	6,217,000,000	14,563,000,000	14,563,000,000	14,563,000,000	14,563,000,000	13,906,000,000	13,906,000,000	13,906,000,000	13,906,000,000	12,434,000,000	12,434,000,000	12,434,000,000	12,434,000,000	11,515,000,000	11,515,000,000	11,515,000,000	11,515,000,000	36,517,000,000	36,517,000,000	36,517,000,000	36,517,000,000	97,189,000,000	97,189,000,000	97,189,000,000	97,189,000,000	121,623,000,000	121,623,000,000	121,623,000,000	121,623,000,000	97,360,000,000	97,360,000,000	97,360,000,000	97,360,000,000	98,105,000,000	98,105,000,000	98,105,000,000	98,105,000,000
BYD		CNY	5	133,221,000,000	133,221,000,000	133,221,000,000	133,221,000,000	123,547,000,000	123,547,000,000	123,547,000,000	123,547,000,000	169,835,000,000	169,835,000,000	169,835,000,000	169,835,000,000	132,609,000,000	132,609,000,000	132,609,000,000	132,609,000,000	118,210,000,000	118,210,000,000	118,210,000,000	118,210,000,000	508,852,000,000	508,852,000,000	508,852,000,000	508,852,000,000	724,616,000,000	724,616,000,000	724,616,000,000	724,616,000,000	651,570,000,000	651,570,000,000	651,570,000,000	651,570,000,000	571,597,000,000	571,597,000,000	571,597,000,000	571,597,000,000	785,956,000,000	785,956,000,000	785,956,000,000	785,956,000,000	1,127,414,000,000	1,127,414,000,000	1,127,414,000,000	1,127,414,000,000
CG Power and Industrial Solutions		INR	4	2,126,000,000	2,126,000,000	2,126,000,000	2,126,000,000	1,750,000,000	1,750,000,000	1,750,000,000	1,750,000,000	637,900,000	637,900,000	637,900,000	637,900,000	1,928,000,000	1,928,000,000	1,928,000,000	1,928,000,000	1,354,000,000	1,354,000,000	1,354,000,000	1,354,000,000		 - 	 - 	 - 		 - 	 - 	 - 	733,600,000	733,600,000	733,600,000	733,600,000	854,600,000	854,600,000	854,600,000	854,600,000	2,343,000,000	2,343,000,000	2,343,000,000	2,343,000,000	4,104,000,000	4,104,000,000	4,104,000,000	4,104,000,000
CG Power and Industrial Solutions		INR	5	104,040,000,000	104,040,000,000	104,040,000,000	104,040,000,000	30,617,000,000	30,617,000,000	30,617,000,000	30,617,000,000	48,667,000,000	48,667,000,000	48,667,000,000	48,667,000,000	48,636,000,000	48,636,000,000	48,636,000,000	48,636,000,000	26,762,000,000	26,762,000,000	26,762,000,000	26,762,000,000	3,165,000,000	3,165,000,000	3,165,000,000	3,165,000,000	89,512,000,000	89,512,000,000	89,512,000,000	89,512,000,000	256,107,000,000	256,107,000,000	256,107,000,000	256,107,000,000	458,216,000,000	458,216,000,000	458,216,000,000	458,216,000,000	826,135,000,000	826,135,000,000	826,135,000,000	826,135,000,000	976,183,000,000	976,183,000,000	976,183,000,000	976,183,000,000
DBH		KRW	4	95,570,000	95,570,000	95,570,000	95,570,000	92,250,000	92,250,000	92,250,000	92,250,000	75,890,000	75,890,000	75,890,000	75,890,000	109,500,000	109,500,000	109,500,000	109,500,000	89,100,000	89,100,000	89,100,000	89,100,000	157,700,000	157,700,000	157,700,000	157,700,000	133,600,000	133,600,000	133,600,000	133,600,000	179,900,000	179,900,000	179,900,000	179,900,000	329,300,000	329,300,000	329,300,000	329,300,000		 - 	 - 	 - 	241,800,000	241,800,000	241,800,000	241,800,000
DBH		KRW	5	617,008,000,000	617,008,000,000	617,008,000,000	617,008,000,000	686,044,000,000	686,044,000,000	686,044,000,000	686,044,000,000	517,769,000,000	517,769,000,000	517,769,000,000	517,769,000,000	469,880,000,000	469,880,000,000	469,880,000,000	469,880,000,000	1,195,780,000,000	1,195,780,000,000	1,195,780,000,000	1,195,780,000,000	2,209,447,000,000	2,209,447,000,000	2,209,447,000,000	2,209,447,000,000	3,152,177,000,000	3,152,177,000,000	3,152,177,000,000	3,152,177,000,000	1,610,776,000,000	1,610,776,000,000	1,610,776,000,000	1,610,776,000,000	2,441,975,000,000	2,441,975,000,000	2,441,975,000,000	2,441,975,000,000	1,366,717,000,000	1,366,717,000,000	1,366,717,000,000	1,366,717,000,000	1,752,066,000,000	1,752,066,000,000	1,752,066,000,000	1,752,066,000,000
DELL		USD	4		 - 	 - 	 - 		 - 	 - 	 - 		 - 	 - 	 - 	1,367,000,000	1,367,000,000	1,367,000,000	1,367,000,000	1,158,000,000	1,158,000,000	1,158,000,000	1,158,000,000	2,241,000,000	2,241,000,000	2,241,000,000	2,241,000,000	2,082,000,000	2,082,000,000	2,082,000,000	2,082,000,000	2,796,000,000	2,796,000,000	2,796,000,000	2,796,000,000	3,003,000,000	3,003,000,000	3,003,000,000	3,003,000,000	2,753,000,000	2,753,000,000	2,753,000,000	2,753,000,000	2,563,000,000	2,563,000,000	2,563,000,000	2,563,000,000
DELL		USD	5		 - 	 - 	 - 		 - 	 - 	 - 		 - 	 - 	 - 		 - 	 - 	 - 	34,909,000,000	34,909,000,000	34,909,000,000	34,909,000,000	35,589,000,000	35,589,000,000	35,589,000,000	35,589,000,000	54,653,000,000	54,653,000,000	54,653,000,000	54,653,000,000	43,396,000,000	43,396,000,000	43,396,000,000	43,396,000,000	29,089,000,000	29,089,000,000	29,089,000,000	29,089,000,000	58,541,000,000	58,541,000,000	58,541,000,000	58,541,000,000	72,282,000,000	72,282,000,000	72,282,000,000	72,282,000,000
Eaton		USD	4	506,000,000	506,000,000	506,000,000	506,000,000	497,000,000	497,000,000	497,000,000	497,000,000	520,000,000	520,000,000	520,000,000	520,000,000	565,000,000	565,000,000	565,000,000	565,000,000	587,000,000	587,000,000	587,000,000	587,000,000	400,000,000	400,000,000	400,000,000	400,000,000	575,000,000	575,000,000	575,000,000	575,000,000	598,000,000	598,000,000	598,000,000	598,000,000	757,000,000	757,000,000	757,000,000	757,000,000	808,000,000	808,000,000	808,000,000	808,000,000	913,900,000	913,900,000	913,900,000	913,900,000
Eaton		USD	5	24,084,000,000	24,084,000,000	24,084,000,000	24,084,000,000	30,305,000,000	30,305,000,000	30,305,000,000	30,305,000,000	34,812,000,000	34,812,000,000	34,812,000,000	34,812,000,000	29,748,000,000	29,748,000,000	29,748,000,000	29,748,000,000	39,157,000,000	39,157,000,000	39,157,000,000	39,157,000,000	48,092,000,000	48,092,000,000	48,092,000,000	48,092,000,000	68,886,000,000	68,886,000,000	68,886,000,000	68,886,000,000	62,419,000,000	62,419,000,000	62,419,000,000	62,419,000,000	96,159,000,000	96,159,000,000	96,159,000,000	96,159,000,000	131,155,000,000	131,155,000,000	131,155,000,000	131,155,000,000	106,495,000,000	106,495,000,000	106,495,000,000	106,495,000,000
EMERSON ELECTRIC		USD	4	685,000,000	685,000,000	685,000,000	685,000,000	447,000,000	447,000,000	447,000,000	447,000,000	476,000,000	476,000,000	476,000,000	476,000,000	617,000,000	617,000,000	617,000,000	617,000,000	594,000,000	594,000,000	594,000,000	594,000,000	538,000,000	538,000,000	538,000,000	538,000,000	581,000,000	581,000,000	581,000,000	581,000,000	531,000,000	531,000,000	531,000,000	531,000,000	363,000,000	363,000,000	363,000,000	363,000,000	419,000,000	419,000,000	419,000,000	419,000,000	415,700,000	415,700,000	415,700,000	415,700,000
EMERSON ELECTRIC		USD	5	29,026,000,000	29,026,000,000	29,026,000,000	29,026,000,000	35,079,000,000	35,079,000,000	35,079,000,000	35,079,000,000	40,219,000,000	40,219,000,000	40,219,000,000	40,219,000,000	48,128,000,000	48,128,000,000	48,128,000,000	48,128,000,000	41,126,000,000	41,126,000,000	41,126,000,000	41,126,000,000	39,184,000,000	39,184,000,000	39,184,000,000	39,184,000,000	56,313,000,000	56,313,000,000	56,313,000,000	56,313,000,000	43,295,000,000	43,295,000,000	43,295,000,000	43,295,000,000	55,190,000,000	55,190,000,000	55,190,000,000	55,190,000,000	62,571,000,000	62,571,000,000	62,571,000,000	62,571,000,000	61,826,000,000	61,826,000,000	61,826,000,000	61,826,000,000
FANUC		JPY	4	21,427,000,000	21,427,000,000	21,427,000,000	21,427,000,000	102,008,000,000	102,008,000,000	102,008,000,000	102,008,000,000	87,509,000,000	87,509,000,000	87,509,000,000	87,509,000,000	103,016,000,000	103,016,000,000	103,016,000,000	103,016,000,000	125,324,000,000	125,324,000,000	125,324,000,000	125,324,000,000	75,429,000,000	75,429,000,000	75,429,000,000	75,429,000,000	21,768,000,000	21,768,000,000	21,768,000,000	21,768,000,000	34,363,000,000	34,363,000,000	34,363,000,000	34,363,000,000	47,066,000,000	47,066,000,000	47,066,000,000	47,066,000,000	53,884,000,000	53,884,000,000	53,884,000,000	53,884,000,000	48,607,000,000	48,607,000,000	48,607,000,000	48,607,000,000
FANUC		JPY	5	5,135,917,000,000	5,135,917,000,000	5,135,917,000,000	5,135,917,000,000	3,414,443,000,000	3,414,443,000,000	3,414,443,000,000	3,414,443,000,000	4,423,891,000,000	4,423,891,000,000	4,423,891,000,000	4,423,891,000,000	5,225,980,000,000	5,225,980,000,000	5,225,980,000,000	5,225,980,000,000	3,659,550,000,000	3,659,550,000,000	3,659,550,000,000	3,659,550,000,000	2,812,301,000,000	2,812,301,000,000	2,812,301,000,000	2,812,301,000,000	5,022,747,000,000	5,022,747,000,000	5,022,747,000,000	5,022,747,000,000	4,151,942,000,000	4,151,942,000,000	4,151,942,000,000	4,151,942,000,000	4,535,956,000,000	4,535,956,000,000	4,535,956,000,000	4,535,956,000,000	3,957,551,000,000	3,957,551,000,000	3,957,551,000,000	3,957,551,000,000	3,789,060,000,000	3,789,060,000,000	3,789,060,000,000	3,789,060,000,000
FUJI ELECTRIC		JPY	4	29,041,000,000	29,041,000,000	29,041,000,000	29,041,000,000	27,651,000,000	27,651,000,000	27,651,000,000	27,651,000,000	18,085,000,000	18,085,000,000	18,085,000,000	18,085,000,000	12,279,000,000	12,279,000,000	12,279,000,000	12,279,000,000	15,932,000,000	15,932,000,000	15,932,000,000	15,932,000,000	22,699,000,000	22,699,000,000	22,699,000,000	22,699,000,000	20,578,000,000	20,578,000,000	20,578,000,000	20,578,000,000	59,320,000,000	59,320,000,000	59,320,000,000	59,320,000,000	61,080,000,000	61,080,000,000	61,080,000,000	61,080,000,000	68,311,000,000	68,311,000,000	68,311,000,000	68,311,000,000	88,333,000,000	88,333,000,000	88,333,000,000	88,333,000,000
FUJI ELECTRIC		JPY	5	405,102,000,000	405,102,000,000	405,102,000,000	405,102,000,000	277,879,000,000	277,879,000,000	277,879,000,000	277,879,000,000	472,180,000,000	472,180,000,000	472,180,000,000	472,180,000,000	517,109,000,000	517,109,000,000	517,109,000,000	517,109,000,000	448,548,000,000	448,548,000,000	448,548,000,000	448,548,000,000	349,824,000,000	349,824,000,000	349,824,000,000	349,824,000,000	658,492,000,000	658,492,000,000	658,492,000,000	658,492,000,000	879,874,000,000	879,874,000,000	879,874,000,000	879,874,000,000	742,741,000,000	742,741,000,000	742,741,000,000	742,741,000,000	1,464,020,000,000	1,464,020,000,000	1,464,020,000,000	1,464,020,000,000	899,247,000,000	899,247,000,000	899,247,000,000	899,247,000,000
general elctric		USD	4	7,309,000,000	7,309,000,000	7,309,000,000	7,309,000,000	3,758,000,000	3,758,000,000	3,758,000,000	3,758,000,000	4,132,000,000	4,132,000,000	4,132,000,000	4,132,000,000	3,302,000,000	3,302,000,000	3,302,000,000	3,302,000,000	2,216,000,000	2,216,000,000	2,216,000,000	2,216,000,000	1,579,000,000	1,579,000,000	1,579,000,000	1,579,000,000	1,250,000,000	1,250,000,000	1,250,000,000	1,250,000,000	1,371,000,000	1,371,000,000	1,371,000,000	1,371,000,000	1,595,000,000	1,595,000,000	1,595,000,000	1,595,000,000	1,032,000,000	1,032,000,000	1,032,000,000	1,032,000,000	1,127,000,000	1,127,000,000	1,127,000,000	1,127,000,000
general elctric		USD	5	293,990,000,000	293,990,000,000	293,990,000,000	293,990,000,000	279,546,000,000	279,546,000,000	279,546,000,000	279,546,000,000	151,328,000,000	151,328,000,000	151,328,000,000	151,328,000,000	65,845,000,000	65,845,000,000	65,845,000,000	65,845,000,000	97,466,000,000	97,466,000,000	97,466,000,000	97,466,000,000	94,607,000,000	94,607,000,000	94,607,000,000	94,607,000,000	103,696,000,000	103,696,000,000	103,696,000,000	103,696,000,000	91,555,000,000	91,555,000,000	91,555,000,000	91,555,000,000	138,911,000,000	138,911,000,000	138,911,000,000	138,911,000,000	180,516,000,000	180,516,000,000	180,516,000,000	180,516,000,000	213,476,000,000	213,476,000,000	213,476,000,000	213,476,000,000
Global Foundry		USD	4		 - 	 - 	 - 		 - 	 - 	 - 		 - 	 - 	 - 		 - 	 - 	 - 		 - 	 - 	 - 		 - 	 - 	 - 	1,766,000,000	1,766,000,000	1,766,000,000	1,766,000,000	3,059,000,000	3,059,000,000	3,059,000,000	3,059,000,000	1,804,000,000	1,804,000,000	1,804,000,000	1,804,000,000	228,000,000	228,000,000	228,000,000	228,000,000	703,400,000	703,400,000	703,400,000	703,400,000
Global Foundry		USD	5		 - 	 - 	 - 		 - 	 - 	 - 		 - 	 - 	 - 		 - 	 - 	 - 		 - 	 - 	 - 		 - 	 - 	 - 	34,554,000,000	34,554,000,000	34,554,000,000	34,554,000,000	29,374,000,000	29,374,000,000	29,374,000,000	29,374,000,000	33,524,000,000	33,524,000,000	33,524,000,000	33,524,000,000	23,714,000,000	23,714,000,000	23,714,000,000	23,714,000,000	20,408,000,000	20,408,000,000	20,408,000,000	20,408,000,000
Hyundai Electric		KRW	4		 - 	 - 	 - 		 - 	 - 	 - 	38,230,000	38,230,000	38,230,000	38,230,000	54,260,000	54,260,000	54,260,000	54,260,000	146,700,000	146,700,000	146,700,000	146,700,000	56,810,000	56,810,000	56,810,000	56,810,000	27,700,000	27,700,000	27,700,000	27,700,000	33,260,000	33,260,000	33,260,000	33,260,000	75,380,000	75,380,000	75,380,000	75,380,000		 - 	 - 	 - 	125,300,000	125,300,000	125,300,000	125,300,000
Hyundai Electric		KRW	5		 - 	 - 	 - 		 - 	 - 	 - 	584,832,000,000	584,832,000,000	584,832,000,000	584,832,000,000	449,512,000,000	449,512,000,000	449,512,000,000	449,512,000,000	415,716,000,000	415,716,000,000	415,716,000,000	415,716,000,000	590,280,000,000	590,280,000,000	590,280,000,000	590,280,000,000	716,255,000,000	716,255,000,000	716,255,000,000	716,255,000,000	1,529,690,000,000	1,529,690,000,000	1,529,690,000,000	1,529,690,000,000	2,958,600,000,000	2,958,600,000,000	2,958,600,000,000	2,958,600,000,000	13,749,213,000,000	13,749,213,000,000	13,749,213,000,000	13,749,213,000,000	10,509,870,000,000	10,509,870,000,000	10,509,870,000,000	10,509,870,000,000
Hitachi		JPY	4	850,900,000,000	850,900,000,000	850,900,000,000	850,900,000,000	528,500,000,000	528,500,000,000	528,500,000,000	528,500,000,000	316,116,000,000	316,116,000,000	316,116,000,000	316,116,000,000	349,388,000,000	349,388,000,000	349,388,000,000	349,388,000,000	382,351,000,000	382,351,000,000	382,351,000,000	382,351,000,000	322,894,000,000	322,894,000,000	322,894,000,000	322,894,000,000	254,750,000,000	254,750,000,000	254,750,000,000	254,750,000,000	296,968,000,000	296,968,000,000	296,968,000,000	296,968,000,000	252,638,000,000	252,638,000,000	252,638,000,000	252,638,000,000	232,874,000,000	232,874,000,000	232,874,000,000	232,874,000,000	349,800,000,000	349,800,000,000	349,800,000,000	349,800,000,000
Hitachi		JPY	5	3,974,973,000,000	3,974,973,000,000	3,974,973,000,000	3,974,973,000,000	2,542,626,000,000	2,542,626,000,000	2,542,626,000,000	2,542,626,000,000	2,908,967,000,000	2,908,967,000,000	2,908,967,000,000	2,908,967,000,000	3,721,208,000,000	3,721,208,000,000	3,721,208,000,000	3,721,208,000,000	3,461,688,000,000	3,461,688,000,000	3,461,688,000,000	3,461,688,000,000	3,036,819,000,000	3,036,819,000,000	3,036,819,000,000	3,036,819,000,000	4,838,080,000,000	4,838,080,000,000	4,838,080,000,000	4,838,080,000,000	5,962,899,000,000	5,962,899,000,000	5,962,899,000,000	5,962,899,000,000	6,799,327,000,000	6,799,327,000,000	6,799,327,000,000	6,799,327,000,000	12,884,851,000,000	12,884,851,000,000	12,884,851,000,000	12,884,851,000,000	15,830,341,000,000	15,830,341,000,000	15,830,341,000,000	15,830,341,000,000
Honeywell International		USD	4	1,073,000,000	1,073,000,000	1,073,000,000	1,073,000,000	1,095,000,000	1,095,000,000	1,095,000,000	1,095,000,000	1,031,000,000	1,031,000,000	1,031,000,000	1,031,000,000	828,000,000	828,000,000	828,000,000	828,000,000	839,000,000	839,000,000	839,000,000	839,000,000	906,000,000	906,000,000	906,000,000	906,000,000	895,000,000	895,000,000	895,000,000	895,000,000	766,000,000	766,000,000	766,000,000	766,000,000	1,039,000,000	1,039,000,000	1,039,000,000	1,039,000,000	1,164,000,000	1,164,000,000	1,164,000,000	1,164,000,000	1,214,000,000	1,214,000,000	1,214,000,000	1,214,000,000
Honeywell International		USD	5	79,821,000,000	79,821,000,000	79,821,000,000	79,821,000,000	88,292,000,000	88,292,000,000	88,292,000,000	88,292,000,000	116,064,000,000	116,064,000,000	116,064,000,000	116,064,000,000	97,807,000,000	97,807,000,000	97,807,000,000	97,807,000,000	126,472,000,000	126,472,000,000	126,472,000,000	126,472,000,000	149,249,000,000	149,249,000,000	149,249,000,000	149,249,000,000	143,543,000,000	143,543,000,000	143,543,000,000	143,543,000,000	144,079,000,000	144,079,000,000	144,079,000,000	144,079,000,000	138,251,000,000	138,251,000,000	138,251,000,000	138,251,000,000	146,884,000,000	146,884,000,000	146,884,000,000	146,884,000,000	137,377,000,000	137,377,000,000	137,377,000,000	137,377,000,000
HP		USD	4	3,603,000,000	3,603,000,000	3,603,000,000	3,603,000,000	433,000,000	433,000,000	433,000,000	433,000,000	402,000,000	402,000,000	402,000,000	402,000,000	546,000,000	546,000,000	546,000,000	546,000,000	671,000,000	671,000,000	671,000,000	671,000,000	580,000,000	580,000,000	580,000,000	580,000,000	582,000,000	582,000,000	582,000,000	582,000,000	791,000,000	791,000,000	791,000,000	791,000,000	609,000,000	609,000,000	609,000,000	609,000,000	592,000,000	592,000,000	592,000,000	592,000,000	754,000,000	754,000,000	754,000,000	754,000,000
HP		USD	5	46,528,000,000	46,528,000,000	46,528,000,000	46,528,000,000	24,791,000,000	24,791,000,000	24,791,000,000	24,791,000,000	 S 	 S 	 S 	 S 	38,199,000,000	38,199,000,000	38,199,000,000	38,199,000,000	25,741,000,000	25,741,000,000	25,741,000,000	25,741,000,000	24,668,000,000	24,668,000,000	24,668,000,000	24,668,000,000	34,956,000,000	34,956,000,000	34,956,000,000	34,956,000,000	31,833,000,000	31,833,000,000	31,833,000,000	31,833,000,000	26,021,000,000	26,021,000,000	26,021,000,000	26,021,000,000	34,231,000,000	34,231,000,000	34,231,000,000	34,231,000,000	26,103,000,000	26,103,000,000	26,103,000,000	26,103,000,000
Hua Hong Semiconductor Limited		USD	4	175,500,000	175,500,000	175,500,000	175,500,000	172,600,000	172,600,000	172,600,000	172,600,000	135,800,000	135,800,000	135,800,000	135,800,000	238,600,000	238,600,000	238,600,000	238,600,000	922,300,000	922,300,000	922,300,000	922,300,000	1,087,000,000	1,087,000,000	1,087,000,000	1,087,000,000	938,900,000	938,900,000	938,900,000	938,900,000	996,200,000	996,200,000	996,200,000	996,200,000	885,000,000	885,000,000	885,000,000	885,000,000	2,722,000,000	2,722,000,000	2,722,000,000	2,722,000,000	2,461,000,000	2,461,000,000	2,461,000,000	2,461,000,000
Hua Hong Semiconductor Limited		USD	5	1,005,000,000	1,005,000,000	1,005,000,000	1,005,000,000	1,155,000,000	1,155,000,000	1,155,000,000	1,155,000,000	2,200,000,000	2,200,000,000	2,200,000,000	2,200,000,000	2,377,000,000	2,377,000,000	2,377,000,000	2,377,000,000	2,932,000,000	2,932,000,000	2,932,000,000	2,932,000,000	7,365,000,000	7,365,000,000	7,365,000,000	7,365,000,000	7,175,000,000	7,175,000,000	7,175,000,000	7,175,000,000	4,567,000,000	4,567,000,000	4,567,000,000	4,567,000,000	5,623,000,000	5,623,000,000	5,623,000,000	5,623,000,000	6,249,000,000	6,249,000,000	6,249,000,000	6,249,000,000	7,804,000,000	7,804,000,000	7,804,000,000	7,804,000,000
현대차		KRW	4	8,142,000,000	8,142,000,000	8,142,000,000	8,142,000,000	2,971,000,000	2,971,000,000	2,971,000,000	2,971,000,000	3,055,000,000	3,055,000,000	3,055,000,000	3,055,000,000	3,226,000,000	3,226,000,000	3,226,000,000	3,226,000,000	3,587,000,000	3,587,000,000	3,587,000,000	3,587,000,000	4,688,000,000	4,688,000,000	4,688,000,000	4,688,000,000	4,304,000,000	4,304,000,000	4,304,000,000	4,304,000,000	4,015,000,000	4,015,000,000	4,015,000,000	4,015,000,000	7,071,000,000	7,071,000,000	7,071,000,000	7,071,000,000	8,061,000,000	8,061,000,000	8,061,000,000	8,061,000,000	7,449,000,000	7,449,000,000	7,449,000,000	7,449,000,000
현대차		KRW	5	33,212,500,000,000	33,212,500,000,000	33,212,500,000,000	33,212,500,000,000	32,422,196,000,000	32,422,196,000,000	32,422,196,000,000	32,422,196,000,000	34,446,891,000,000	34,446,891,000,000	34,446,891,000,000	34,446,891,000,000	25,308,067,000,000	25,308,067,000,000	25,308,067,000,000	25,308,067,000,000	26,034,130,000,000	26,034,130,000,000	26,034,130,000,000	26,034,130,000,000	40,472,779,000,000	40,472,779,000,000	40,472,779,000,000	40,472,779,000,000	44,172,223,000,000	44,172,223,000,000	44,172,223,000,000	44,172,223,000,000	31,970,854,000,000	31,970,854,000,000	31,970,854,000,000	31,970,854,000,000	43,773,850,000,000	43,773,850,000,000	43,773,850,000,000	43,773,850,000,000	46,558,074,000,000	46,558,074,000,000	46,558,074,000,000	46,558,074,000,000	43,021,768,000,000	43,021,768,000,000	43,021,768,000,000	43,021,768,000,000
Infineon		EUR	4	646,000,000	646,000,000	646,000,000	646,000,000	716,000,000	716,000,000	716,000,000	716,000,000	1,022,000,000	1,022,000,000	1,022,000,000	1,022,000,000	1,254,000,000	1,254,000,000	1,254,000,000	1,254,000,000	1,451,000,000	1,451,000,000	1,451,000,000	1,451,000,000	915,000,000	915,000,000	915,000,000	915,000,000	1,497,000,000	1,497,000,000	1,497,000,000	1,497,000,000	2,310,000,000	2,310,000,000	2,310,000,000	2,310,000,000	2,994,000,000	2,994,000,000	2,994,000,000	2,994,000,000	2,719,000,000	2,719,000,000	2,719,000,000	2,719,000,000	2,543,000,000	2,543,000,000	2,543,000,000	2,543,000,000
Infineon		EUR	5	11,294,000,000	11,294,000,000	11,294,000,000	11,294,000,000	17,883,000,000	17,883,000,000	17,883,000,000	17,883,000,000	24,031,000,000	24,031,000,000	24,031,000,000	24,031,000,000	22,123,000,000	22,123,000,000	22,123,000,000	22,123,000,000	20,552,000,000	20,552,000,000	20,552,000,000	20,552,000,000	31,366,000,000	31,366,000,000	31,366,000,000	31,366,000,000	46,229,000,000	46,229,000,000	46,229,000,000	46,229,000,000	29,566,000,000	29,566,000,000	29,566,000,000	29,566,000,000	40,847,000,000	40,847,000,000	40,847,000,000	40,847,000,000	40,814,000,000	40,814,000,000	40,814,000,000	40,814,000,000	39,488,000,000	39,488,000,000	39,488,000,000	39,488,000,000
Onsemi		USD	4	270,800,000	270,800,000	270,800,000	270,800,000	210,700,000	210,700,000	210,700,000	210,700,000	387,500,000	387,500,000	387,500,000	387,500,000	514,800,000	514,800,000	514,800,000	514,800,000	534,600,000	534,600,000	534,600,000	534,600,000	383,600,000	383,600,000	383,600,000	383,600,000	444,600,000	444,600,000	444,600,000	444,600,000	1,005,000,000	1,005,000,000	1,005,000,000	1,005,000,000	1,576,000,000	1,576,000,000	1,576,000,000	1,576,000,000	694,000,000	694,000,000	694,000,000	694,000,000	500,300,000	500,300,000	500,300,000	500,300,000
Onsemi		USD	5	4,044,000,000	4,044,000,000	4,044,000,000	4,044,000,000	5,320,000,000	5,320,000,000	5,320,000,000	5,320,000,000	8,882,000,000	8,882,000,000	8,882,000,000	8,882,000,000	6,950,000,000	6,950,000,000	6,950,000,000	6,950,000,000	10,013,000,000	10,013,000,000	10,013,000,000	10,013,000,000	13,459,000,000	13,459,000,000	13,459,000,000	13,459,000,000	29,262,000,000	29,262,000,000	29,262,000,000	29,262,000,000	26,970,000,000	26,970,000,000	26,970,000,000	26,970,000,000	35,976,000,000	35,976,000,000	35,976,000,000	35,976,000,000	26,847,000,000	26,847,000,000	26,847,000,000	26,847,000,000	17,148,000,000	17,148,000,000	17,148,000,000	17,148,000,000
Qualcomm		USD	4	994,000,000	994,000,000	994,000,000	994,000,000	539,000,000	539,000,000	539,000,000	539,000,000	690,000,000	690,000,000	690,000,000	690,000,000	784,000,000	784,000,000	784,000,000	784,000,000	887,000,000	887,000,000	887,000,000	887,000,000	1,407,000,000	1,407,000,000	1,407,000,000	1,407,000,000	1,888,000,000	1,888,000,000	1,888,000,000	1,888,000,000	2,262,000,000	2,262,000,000	2,262,000,000	2,262,000,000	1,450,000,000	1,450,000,000	1,450,000,000	1,450,000,000	1,041,000,000	1,041,000,000	1,041,000,000	1,041,000,000	1,358,000,000	1,358,000,000	1,358,000,000	1,358,000,000
Qualcomm		USD	5	82,378,000,000	82,378,000,000	82,378,000,000	82,378,000,000	99,398,000,000	99,398,000,000	99,398,000,000	99,398,000,000	76,519,000,000	76,519,000,000	76,519,000,000	76,519,000,000	100,332,000,000	100,332,000,000	100,332,000,000	100,332,000,000	93,156,000,000	93,156,000,000	93,156,000,000	93,156,000,000	132,436,000,000	132,436,000,000	132,436,000,000	132,436,000,000	145,828,000,000	145,828,000,000	145,828,000,000	145,828,000,000	128,965,000,000	128,965,000,000	128,965,000,000	128,965,000,000	123,943,000,000	123,943,000,000	123,943,000,000	123,943,000,000	189,525,000,000	189,525,000,000	189,525,000,000	189,525,000,000	169,799,000,000	169,799,000,000	169,799,000,000	169,799,000,000
Renesas		JPY	4	33,100,000,000	33,100,000,000	33,100,000,000	33,100,000,000	44,864,000,000	44,864,000,000	44,864,000,000	44,864,000,000	114,747,000,000	114,747,000,000	114,747,000,000	114,747,000,000	17,600,000,000	17,600,000,000	17,600,000,000	17,600,000,000	10,800,000,000	10,800,000,000	10,800,000,000	10,800,000,000	22,261,000,000	22,261,000,000	22,261,000,000	22,261,000,000	88,000,000,000	88,000,000,000	88,000,000,000	88,000,000,000	216,400,000,000	216,400,000,000	216,400,000,000	216,400,000,000	88,223,000,000	88,223,000,000	88,223,000,000	88,223,000,000	129,889,000,000	129,889,000,000	129,889,000,000	129,889,000,000	81,410,000,000	81,410,000,000	81,410,000,000	81,410,000,000
Renesas		JPY	5	1,283,684,000,000	1,283,684,000,000	1,283,684,000,000	1,283,684,000,000	1,547,089,000,000	1,547,089,000,000	1,547,089,000,000	1,547,089,000,000	2,189,010,000,000	2,189,010,000,000	2,189,010,000,000	2,189,010,000,000	834,154,000,000	834,154,000,000	834,154,000,000	834,154,000,000	1,281,587,000,000	1,281,587,000,000	1,281,587,000,000	1,281,587,000,000	1,866,244,000,000	1,866,244,000,000	1,866,244,000,000	1,866,244,000,000	2,764,012,000,000	2,764,012,000,000	2,764,012,000,000	2,764,012,000,000	2,118,920,000,000	2,118,920,000,000	2,118,920,000,000	2,118,920,000,000	4,510,709,000,000	4,510,709,000,000	4,510,709,000,000	4,510,709,000,000	3,667,244,000,000	3,667,244,000,000	3,667,244,000,000	3,667,244,000,000	3,567,097,000,000	3,567,097,000,000	3,567,097,000,000	3,567,097,000,000
Rockwell Automation		USD	4	122,900,000	122,900,000	122,900,000	122,900,000	116,900,000	116,900,000	116,900,000	116,900,000	141,700,000	141,700,000	141,700,000	141,700,000	125,500,000	125,500,000	125,500,000	125,500,000	132,800,000	132,800,000	132,800,000	132,800,000	113,900,000	113,900,000	113,900,000	113,900,000	120,300,000	120,300,000	120,300,000	120,300,000	141,100,000	141,100,000	141,100,000	141,100,000	160,500,000	160,500,000	160,500,000	160,500,000	224,700,000	224,700,000	224,700,000	224,700,000	234,000,000	234,000,000	234,000,000	234,000,000
Rockwell Automation		USD	5	13,608,000,000	13,608,000,000	13,608,000,000	13,608,000,000	15,831,000,000	15,831,000,000	15,831,000,000	15,831,000,000	22,875,000,000	22,875,000,000	22,875,000,000	22,875,000,000	23,096,000,000	23,096,000,000	23,096,000,000	23,096,000,000	19,283,000,000	19,283,000,000	19,283,000,000	19,283,000,000	25,592,000,000	25,592,000,000	25,592,000,000	25,592,000,000	34,116,000,000	34,116,000,000	34,116,000,000	34,116,000,000	24,831,000,000	24,831,000,000	24,831,000,000	24,831,000,000	32,835,000,000	32,835,000,000	32,835,000,000	32,835,000,000	30,461,000,000	30,461,000,000	30,461,000,000	30,461,000,000	29,216,000,000	29,216,000,000	29,216,000,000	29,216,000,000
Rohm		JPY	4	48,739,000,000	48,739,000,000	48,739,000,000	48,739,000,000	56,686,000,000	56,686,000,000	56,686,000,000	56,686,000,000	42,182,000,000	42,182,000,000	42,182,000,000	42,182,000,000	55,911,000,000	55,911,000,000	55,911,000,000	55,911,000,000	57,291,000,000	57,291,000,000	57,291,000,000	57,291,000,000	38,941,000,000	38,941,000,000	38,941,000,000	38,941,000,000	44,114,000,000	44,114,000,000	44,114,000,000	44,114,000,000	79,985,000,000	79,985,000,000	79,985,000,000	79,985,000,000	126,116,000,000	126,116,000,000	126,116,000,000	126,116,000,000	186,755,000,000	186,755,000,000	186,755,000,000	186,755,000,000	149,000,000,000	149,000,000,000	149,000,000,000	149,000,000,000
Rohm		JPY	5	887,231,000,000	887,231,000,000	887,231,000,000	887,231,000,000	501,380,000,000	501,380,000,000	501,380,000,000	501,380,000,000	782,738,000,000	782,738,000,000	782,738,000,000	782,738,000,000	1,071,496,000,000	1,071,496,000,000	1,071,496,000,000	1,071,496,000,000	712,817,000,000	712,817,000,000	712,817,000,000	712,817,000,000	596,577,000,000	596,577,000,000	596,577,000,000	596,577,000,000	1,060,845,000,000	1,060,845,000,000	1,060,845,000,000	1,060,845,000,000	941,148,000,000	941,148,000,000	941,148,000,000	941,148,000,000	1,076,627,000,000	1,076,627,000,000	1,076,627,000,000	1,076,627,000,000	937,258,000,000	937,258,000,000	937,258,000,000	937,258,000,000	551,375,000,000	551,375,000,000	551,375,000,000	551,375,000,000
SAIC		CNY?	4	15,427,000,000	15,427,000,000	15,427,000,000	15,427,000,000	15,955,000,000	15,955,000,000	15,955,000,000	15,955,000,000	25,412,000,000	25,412,000,000	25,412,000,000	25,412,000,000	30,319,000,000	30,319,000,000	30,319,000,000	30,319,000,000	25,079,000,000	25,079,000,000	25,079,000,000	25,079,000,000	14,214,000,000	14,214,000,000	14,214,000,000	14,214,000,000	16,654,000,000	16,654,000,000	16,654,000,000	16,654,000,000	20,516,000,000	20,516,000,000	20,516,000,000	20,516,000,000	19,031,000,000	19,031,000,000	19,031,000,000	19,031,000,000	22,599,000,000	22,599,000,000	22,599,000,000	22,599,000,000	24,525,000,000	24,525,000,000	24,525,000,000	24,525,000,000
SAIC		CNY?	5	233,963,000,000	233,963,000,000	233,963,000,000	233,963,000,000	258,550,000,000	258,550,000,000	258,550,000,000	258,550,000,000	374,338,000,000	374,338,000,000	374,338,000,000	374,338,000,000	311,598,000,000	311,598,000,000	311,598,000,000	311,598,000,000	278,651,000,000	278,651,000,000	278,651,000,000	278,651,000,000	283,831,000,000	283,831,000,000	283,831,000,000	283,831,000,000	238,354,000,000	238,354,000,000	238,354,000,000	238,354,000,000	165,647,000,000	165,647,000,000	165,647,000,000	165,647,000,000	155,276,000,000	155,276,000,000	155,276,000,000	155,276,000,000	180,399,000,000	180,399,000,000	180,399,000,000	180,399,000,000	180,399,000,000	180,399,000,000	180,399,000,000	180,399,000,000
SEC		KRW	4	25,880,000,000	25,880,000,000	25,880,000,000	25,880,000,000	24,140,000,000	24,140,000,000	24,140,000,000	24,140,000,000	42,790,000,000	42,790,000,000	42,790,000,000	42,790,000,000	29,560,000,000	29,560,000,000	29,560,000,000	29,560,000,000	25,370,000,000	25,370,000,000	25,370,000,000	25,370,000,000	37,590,000,000	37,590,000,000	37,590,000,000	37,590,000,000	47,120,000,000	47,120,000,000	47,120,000,000	47,120,000,000	49,430,000,000	49,430,000,000	49,430,000,000	49,430,000,000	57,610,000,000	57,610,000,000	57,610,000,000	57,610,000,000	51,410,000,000	51,410,000,000	51,410,000,000	51,410,000,000	53,201,000,000	53,201,000,000	53,201,000,000	53,201,000,000
SEC		KRW	5	184,321,614,000,000	184,321,614,000,000	184,321,614,000,000	184,321,614,000,000	243,755,188,000,000	243,755,188,000,000	243,755,188,000,000	243,755,188,000,000	340,802,979,000,000	340,802,979,000,000	340,802,979,000,000	340,802,979,000,000	257,157,237,000,000	257,157,237,000,000	257,157,237,000,000	257,157,237,000,000	370,472,922,000,000	370,472,922,000,000	370,472,922,000,000	370,472,922,000,000	544,116,848,000,000	544,116,848,000,000	544,116,848,000,000	544,116,848,000,000	526,023,507,000,000	526,023,507,000,000	526,023,507,000,000	526,023,507,000,000	371,684,753,000,000	371,684,753,000,000	371,684,753,000,000	371,684,753,000,000	519,893,772,000,000	519,893,772,000,000	519,893,772,000,000	519,893,772,000,000	353,964,024,000,000	353,964,024,000,000	353,964,024,000,000	353,964,024,000,000	380,669,076,000,000	380,669,076,000,000	380,669,076,000,000	380,669,076,000,000
Toshiba		 JPY 	4	-6,800,000,000	-6,800,000,000	-6,800,000,000	-6,800,000,000	-8,720,000,000	-8,720,000,000	-8,720,000,000	-8,720,000,000	-6,360,000,000	-6,360,000,000	-6,360,000,000	-6,360,000,000	-8,210,000,000	-8,210,000,000	-8,210,000,000	-8,210,000,000	-9,350,000,000	-9,350,000,000	-9,350,000,000	-9,350,000,000	-9,920,000,000	-9,920,000,000	-9,920,000,000	-9,920,000,000	-6,990,000,000	-6,990,000,000	-6,990,000,000	-6,990,000,000	-6,850,000,000	-6,850,000,000	-6,850,000,000	-6,850,000,000	-8,330,000,000	-8,330,000,000	-8,330,000,000	-8,330,000,000	-12,410,000,000	-12,410,000,000	-12,410,000,000	-12,410,000,000		 - 	 - 	 - 
Toshiba		 JPY 	5	218,304,000,000	218,304,000,000	218,304,000,000	218,304,000,000	121,371,000,000	121,371,000,000	121,371,000,000	121,371,000,000	171,163,000,000	171,163,000,000	171,163,000,000	171,163,000,000	172,518,000,000	172,518,000,000	172,518,000,000	172,518,000,000	168,999,000,000	168,999,000,000	168,999,000,000	168,999,000,000	186,955,000,000	186,955,000,000	186,955,000,000	186,955,000,000	223,081,000,000	223,081,000,000	223,081,000,000	223,081,000,000	271,939,000,000	271,939,000,000	271,939,000,000	271,939,000,000	216,410,000,000	216,410,000,000	216,410,000,000	216,410,000,000	160,906,000,000	160,906,000,000	160,906,000,000	160,906,000,000	141,542,000,000	141,542,000,000	141,542,000,000	141,542,000,000
